0,50,male,spring,"['B', 'C', 'D', 'F']","[None, None, None, 4, 5, 7, 6, 8, None, 4, 8, 7, 5, 2, 7, 8, None, None, 4, 7, 6, 4, 5, 10, None, 3]"
1,40,female,winter,"['A', 'B', 'C', 'F']","[None, None, 6, 4, 10, 6, 9, 5, 5, 4, 7, 4, None, None, None, None, 4, None, 6, None, 2, 3, 7, 7, 3, None]"
2,30,male,winter,"['B', 'C', 'D', 'F']","[5, None, None, 6, 9, None, 6, 4, 5, None, None, 5, 5, 6, None, None, None, None, 8, 2, 2, None, 5, 4, 3, 6]"
3,20,male,winter,"['D', 'E', 'F']","[4, None, None, 2, None, 5, 6, 8, 4, 3, None, None, None, None, 3, None, None, 6, None, None, None, 7, None, None, 5, None]"
4,30,female,winter,"['A', 'B', 'C', 'E']","[6, 2, 7, None, None, 4, 7, None, None, None, None, 3, None, None, None, None, None, None, 10, 9, 9, None, 4, None, None, 8]"
5,20,male,winter,"['A', 'B', 'E', 'F']","[None, 5, None, 6, 9, 2, 5, 10, 3, 5, 9, 4, 3, None, 3, None, 5, None, 7, None, 10, 7, 2, None, 6, 4]"
6,20,female,winter,"['C', 'E']","[None, 6, 4, 2, 9, 2, None, None, 6, None, None, None, 3, 7, 4, None, 7, 5, 10, None, None, None, 4, 5, None, None]"
7,30,male,summer,"['B', 'C']","[7, 8, 2, 6, None, None, 4, 5, None, 7, 3, 5, None, None, 6, 3, 7, None, 5, None, 6, None, 6, 5, 4, 5]"
8,20,female,winter,"['A', 'C', 'F']","[None, 6, None, 4, 9, 3, 9, 5, None, 2, 3, None, None, None, 8, 6, None, None, 10, None, None, None, None, 7, 3, 5]"
9,50,male,summer,"['A', 'C']","[8, 8, 4, 5, 5, 7, None, 4, 7, 9, 3, 4, 4, 6, 4, 6, 7, 3, 4, 7, 7, 4, 8, 4, 3, 6]"
10,40,male,summer,"['A', 'B']","[None, 6, 3, None, 3, None, 5, None, None, 5, 5, 3, None, None, None, None, 5, 3, 7, None, 7, 4, None, 3, 6, 5]"
11,50,male,spring,"['C', 'E']","[None, 3, 4, 8, None, None, 7, None, None, None, None, 6, 5, None, 7, 8, None, 4, None, 7, None, None, 7, 8, 5, 5]"
12,40,male,winter,"['C', 'D', 'F']","[5, 6, 9, 7, 9, 2, 6, None, None, None, None, None, 6, 3, None, 8, 8, None, 7, 4, None, 5, 7, None, None, None]"
13,30,female,winter,"['B', 'F']","[7, 3, 7, 2, None, 2, None, 10, None, 5, 10, None, 5, None, 3, None, None, 5, None, 10, 6, 8, 6, None, 5, 4]"
14,40,female,winter,"['A', 'B', 'C']","[7, None, None, 6, None, 5, 6, None, None, 5, 7, 4, None, None, None, 8, 6, None, 6, 4, 3, None, 5, None, None, None]"
15,10,male,winter,"['C', 'E']","[4, None, 4, 4, None, 4, 6, 7, 5, 2, 7, 4, None, 8, 4, 6, 4, 7, 9, None, 10, None, None, 6, None, None]"
16,40,male,spring,"['D', 'F']","[5, None, 3, 5, 5, None, 6, None, 4, 7, None, 3, 4, 6, None, 6, 6, None, 6, 6, 7, None, 7, 7, None, 6]"
17,40,female,summer,"['A', 'B', 'C']","[None, None, 2, 7, 6, None, 2, None, None, None, 3, 5, 6, 8, 4, None, 4, None, None, None, None, 6, 5, None, 3, 5]"
18,50,female,spring,"['A', 'D', 'E', 'F']","[None, None, 3, 4, 3, None, None, None, None, 6, 6, 7, None, None, 6, 8, 8, None, None, 6, 4, 5, 7, 8, 6, 3]"
19,20,male,winter,"['A', 'D', 'E', 'F']","[4, None, None, None, None, None, 4, 8, 3, 3, 8, 3, None, None, 4, None, None, 8, None, 8, None, None, 4, None, None, None]"
20,50,female,summer,"['A', 'B']","[None, None, 6, 5, None, 5, 4, 4, 5, None, 3, 5, 4, None, 5, None, 3, None, 7, 4, 3, None, None, None, 5, 9]"
21,10,male,winter,['E'],"[5, None, None, 2, 9, 5, 6, None, 2, 6, 8, 3, None, None, None, 6, None, None, 9, None, None, 5, 6, 5, 4, 8]"
22,50,male,summer,"['B', 'D']","[None, None, 5, None, 5, 3, 4, 4, None, None, None, 3, 6, 7, None, 7, None, 5, 3, None, 7, None, 6, None, 7, 6]"
23,40,female,summer,"['A', 'B', 'D']","[7, 7, None, None, None, None, 5, None, None, None, 4, None, 6, 7, 6, 7, None, None, None, None, None, 5, None, None, 7, 9]"
24,30,male,winter,"['B', 'E', 'F']","[7, None, 7, 6, 9, 6, None, 7, None, 2, None, 6, 5, None, 5, None, None, 8, 9, 10, 6, 7, 2, 6, 6, 4]"
25,40,male,summer,"['A', 'B', 'C', 'F']","[None, 7, None, 5, 6, None, None, 3, 9, None, None, None, 4, 8, None, 5, None, 2, 5, None, 4, 3, 6, 5, None, None]"
26,40,male,spring,"['B', 'C', 'D', 'E']","[5, 4, 7, 5, 4, 7, 7, 4, None, 4, 7, None, None, 5, 8, 8, None, 7, 5, None, None, 3, 4, 6, 3, 3]"
27,20,female,winter,['E'],"[8, 4, None, 4, None, 6, None, 7, None, None, 8, 6, None, 4, None, 4, 4, None, 7, 9, 7, 5, 2, None, None, 4]"
28,20,male,winter,['C'],"[6, 5, None, 4, None, 2, 7, None, None, None, 4, None, None, 7, 8, None, None, None, 7, 5, 2, 3, 3, None, None, None]"
29,30,female,summer,['B'],"[10, None, 3, 8, 3, 3, 2, 5, 6, 5, 4, 3, 4, 4, 3, 4, 5, 4, None, 7, 3, 4, 6, 5, 3, 6]"
30,40,female,summer,"['A', 'D']","[6, None, 2, 6, 4, None, None, 6, 6, 9, 2, 7, 4, None, 7, 3, 6, 2, 3, 6, 5, None, None, 7, 7, 6]"
31,30,female,summer,"['A', 'B', 'C']","[8, None, None, None, 5, None, None, None, None, 5, None, None, None, 8, None, None, 4, 5, None, 7, 3, 6, None, 6, None, None]"
32,20,female,winter,"['C', 'F']","[None, None, 7, 6, 6, None, 9, 4, 8, 3, 6, None, 3, 6, None, 9, 6, 6, 9, None, 6, None, 3, 6, 2, 6]"
33,30,male,winter,"['C', 'D']","[None, 6, 6, None, None, 3, None, 4, None, None, None, None, None, None, None, 9, 7, 10, 8, None, None, 6, None, None, None, 5]"
34,30,male,summer,"['A', 'F']","[6, 5, 5, None, None, None, None, 5, None, 8, 3, 4, None, None, None, None, 6, 3, 5, None, 7, None, 8, 7, None, None]"
35,30,male,summer,"['A', 'B', 'C']","[None, None, 4, 5, 6, 6, None, 5, None, None, 4, None, None, 5, 3, None, None, None, 4, 6, None, None, None, 3, 3, 7]"
36,20,male,winter,"['B', 'C', 'D']","[None, 5, 6, 4, 9, None, None, 5, None, None, 4, 4, 3, 6, None, None, 8, None, None, 6, None, None, 6, None, 6, None]"
37,20,male,winter,"['A', 'C', 'D']","[None, None, 8, 5, None, 6, 7, None, None, 6, None, None, None, 6, None, 9, 6, None, None, 3, 2, None, None, None, None, None]"
38,20,female,winter,"['B', 'C', 'E']","[4, 5, None, None, None, None, 7, 6, 3, None, 6, None, None, 4, 2, 5, 7, 9, None, 10, 9, None, None, 4, None, None]"
39,40,female,summer,"['B', 'E']","[None, 7, 6, None, None, 5, None, None, None, None, None, 4, 6, 5, None, None, 7, 3, 3, None, None, 5, None, None, 4, 7]"
40,30,male,winter,"['C', 'D']","[7, 6, None, 5, 7, None, 7, None, 8, None, 6, 4, None, None, None, 8, 7, None, None, 2, None, None, 4, None, 3, 6]"
41,50,male,spring,['A'],"[None, 6, 5, None, None, 4, 9, 6, 8, None, None, None, None, None, None, None, 8, None, 3, None, None, 4, 6, 8, 2, None]"
42,20,female,winter,"['A', 'C', 'D']","[4, None, None, 5, 6, 6, None, 7, 8, 5, 3, 7, 3, 4, None, None, None, None, 7, None, 4, 7, 3, 7, 5, 2]"
43,50,female,spring,"['A', 'C', 'D', 'E', 'F']","[7, None, 6, None, None, 8, None, 6, 5, 7, 7, None, 3, None, 9, 7, None, 4, 6, None, None, 3, 5, 9, None, 7]"
44,50,male,spring,"['D', 'F']","[4, None, 3, None, 6, None, 6, 7, 6, 7, 9, 6, 6, None, 7, None, None, 6, 3, 7, 3, None, 4, 6, 3, 3]"
45,20,female,winter,"['C', 'D']","[None, None, 6, 6, 6, 6, 7, None, 6, None, None, None, 6, None, None, 6, 6, None, None, None, None, 3, 5, None, 5, 2]"
46,40,female,winter,"['C', 'D', 'E']","[None, None, 7, 4, None, 5, 9, 8, None, 6, None, None, None, 6, 6, 6, 6, None, 7, None, 2, 5, 4, None, 3, None]"
47,30,female,winter,['B'],"[None, None, None, 5, None, None, None, None, 3, None, 9, None, None, None, None, None, 6, None, 7, 7, None, 9, 2, 6, None, None]"
48,30,male,winter,"['B', 'C', 'F']","[8, 4, 4, None, 6, 5, 4, 9, 6, None, None, 4, None, 6, 6, 7, 4, 6, 10, 7, 9, None, 2, 5, None, 4]"
49,10,male,winter,"['B', 'C', 'E', 'F']","[None, 3, None, 5, 8, None, 3, 6, 6, None, 7, 6, 4, None, None, None, 4, 7, 9, 10, None, None, 3, 4, 7, 8]"
50,50,female,summer,"['A', 'E', 'F']","[8, 6, None, 8, 6, 6, None, None, 8, None, 5, None, None, None, 5, 3, 7, None, None, 5, None, None, None, 5, None, None]"
51,50,female,summer,"['A', 'B', 'E', 'F']","[6, None, 5, 8, None, 7, 6, 3, None, None, 3, 5, 3, 7, 5, None, 3, 6, 5, 6, 4, 7, 8, 3, 7, None]"
52,30,female,summer,"['A', 'B', 'C']","[9, None, 3, None, None, 5, None, None, None, None, None, 3, None, None, 5, None, None, 4, 7, None, None, None, 7, None, 5, None]"
53,30,male,winter,"['B', 'E']","[6, 2, None, None, 8, None, None, None, 3, None, None, 3, None, None, 5, 5, None, 7, 10, None, 10, None, None, None, 4, None]"
54,50,male,spring,"['A', 'B', 'E']","[5, None, None, None, 5, None, None, 6, 5, 7, 7, 4, None, 6, 7, 7, 9, 6, 5, None, 7, 7, 7, 9, 2, 3]"
55,50,female,spring,"['C', 'D', 'F']","[None, 5, 3, None, None, 4, None, 8, None, 7, 10, None, None, 3, 7, None, None, None, 2, None, 3, None, None, None, 6, 3]"
56,30,female,winter,"['D', 'E', 'F']","[None, 6, 9, 5, 8, 6, 7, 5, 8, 6, None, 3, 3, 5, 5, 9, 7, 7, 10, 4, 4, None, 4, 4, 5, 6]"
57,40,female,winter,"['B', 'C', 'D', 'F']","[None, 7, None, 3, 10, 6, None, None, None, None, None, None, None, 5, 7, 7, 4, 7, 9, 2, 5, 7, 3, 5, 6, 2]"
58,30,male,winter,"['C', 'D', 'F']","[None, None, None, None, None, 3, 9, 4, None, None, 6, 6, None, 7, None, None, 4, 10, 6, 4, None, 7, None, None, None, None]"
59,50,female,spring,"['E', 'F']","[4, None, None, 7, 4, None, 5, None, 7, 7, 6, 3, 5, 2, 8, None, None, None, 5, 5, None, 3, 5, 10, 5, 4]"
60,40,female,spring,['A'],"[7, None, 4, 5, None, None, 9, 4, 7, None, 6, 4, 4, 6, 5, 8, 8, None, 6, 7, 6, 3, 5, 7, 3, 5]"
61,30,female,winter,"['B', 'C', 'D', 'F']","[3, 8, 8, None, 6, 4, None, 4, 5, 3, None, 6, 5, None, 7, 5, 8, 9, 10, 2, 3, 6, 4, 7, None, 2]"
62,40,female,summer,"['A', 'B', 'E', 'F']","[None, None, None, 6, 6, 3, 3, None, 8, None, 5, None, 6, 5, 7, None, None, None, 7, 6, 4, None, 6, 7, 5, 5]"
63,50,female,summer,"['A', 'B']","[7, None, 3, 8, 7, None, None, 6, None, 8, None, 4, 4, None, 4, None, 6, 3, 3, None, 6, None, 6, None, None, None]"
64,50,female,spring,"['E', 'F']","[None, None, None, None, 3, 4, 8, 6, 6, 4, None, 6, None, 5, None, None, 5, None, None, 5, None, None, None, None, None, 5]"
65,20,male,winter,"['D', 'E']","[None, None, None, 4, 6, 2, None, None, 3, 6, None, None, None, None, None, None, 4, None, None, None, 8, None, None, None, None, None]"
66,10,male,winter,"['A', 'C', 'D', 'E']","[None, None, None, 5, 5, 2, None, 8, None, None, 6, None, 3, 5, 5, 4, None, None, None, None, 7, 6, 2, None, 6, None]"
67,20,female,winter,"['B', 'D', 'E']","[None, 4, 7, 5, 6, 5, 4, None, None, 2, 6, 2, None, 4, None, None, None, 7, 6, 9, None, 7, 4, None, 7, 7]"
68,10,male,winter,"['A', 'B', 'E', 'F']","[None, 6, 4, None, None, 5, None, None, None, 4, None, None, 4, None, None, None, None, 8, None, 10, None, None, None, 4, None, None]"
69,20,female,winter,"['B', 'F']","[None, None, 7, None, None, 3, None, None, 3, 3, 6, 2, 4, 6, 2, None, None, None, 6, 8, 6, 6, None, 5, 5, 6]"
70,30,female,winter,"['B', 'E']","[6, None, None, 3, None, None, 5, None, None, 2, 9, 2, 3, 5, 2, 7, 5, 9, None, 10, 7, None, 4, None, None, None]"
71,20,female,winter,"['A', 'B', 'C', 'D']","[3, 6, 8, None, 6, 5, 6, 8, 8, 4, None, None, 4, 4, None, 9, None, 10, 7, 4, 4, None, None, 7, None, 5]"
72,20,female,winter,"['A', 'C', 'D', 'F']","[None, 5, 9, 4, None, 6, 7, 4, None, 6, 5, 5, None, None, None, None, None, None, None, None, 4, None, None, None, 5, 4]"
73,50,male,spring,"['D', 'E']","[None, 5, None, 7, 6, 7, None, 4, None, 3, None, 7, None, 2, None, 9, 7, None, 2, 6, 5, None, None, None, None, 7]"
74,50,male,summer,"['A', 'B', 'E', 'F']","[None, 4, None, 6, 7, 7, None, 4, 5, None, 3, 4, 7, None, 3, 4, 4, None, None, 5, 6, 6, None, 3, 5, 9]"
75,50,male,spring,"['D', 'F']","[None, 3, 3, 7, None, 7, None, 6, 8, 5, 7, None, 5, 6, 9, 10, 6, 5, 4, 9, 5, 4, 4, 10, None, 5]"
76,30,female,summer,"['A', 'B', 'C', 'F']","[None, 8, None, 8, 3, None, None, 6, 9, 7, 3, 6, 4, 7, 5, 3, None, None, 3, None, 3, None, None, None, None, None]"
77,30,female,summer,"['A', 'B', 'C']","[None, None, None, 7, 4, 3, 4, 5, 5, None, None, 4, 7, 4, 6, 4, None, None, None, 4, None, 4, None, 4, 7, None]"
78,30,female,winter,"['B', 'D']","[6, 4, 6, None, 10, 5, 9, 6, 4, None, 4, None, None, 4, 4, 6, 4, 10, 10, None, None, 6, 6, 8, 6, 4]"
79,30,female,winter,"['A', 'C', 'D']","[6, None, 8, 7, None, None, 8, 8, None, 4, None, 3, None, None, 5, 7, None, 6, 7, None, 5, 7, 7, None, 2, None]"
80,10,male,winter,"['B', 'C', 'E', 'F']","[8, None, None, None, None, None, 7, None, 4, None, 10, None, 5, 8, None, 7, None, 8, 7, 8, 7, None, None, None, 6, None]"
81,20,male,winter,"['B', 'C', 'E', 'F']","[6, 2, 5, None, 5, 4, 5, None, 6, None, 10, 4, 3, 6, None, 7, 7, None, 7, 6, 8, 9, 6, 2, 6, 6]"
82,30,female,summer,"['A', 'B', 'C']","[None, 6, None, None, None, None, 6, 6, 9, 7, 6, None, None, 6, 4, 4, 3, 5, 6, 6, None, None, 4, None, 7, 6]"
83,50,male,spring,['D'],"[7, 7, 7, 7, 6, 6, 9, 5, 5, None, None, None, 7, 3, 7, 9, None, 4, 5, None, 3, 3, 7, None, 4, 7]"
84,40,male,summer,"['A', 'F']","[6, 8, 3, None, 7, None, None, None, None, None, 4, 3, 5, 4, 4, 7, 3, 5, None, None, 7, 6, None, 3, 4, None]"
85,50,male,spring,"['A', 'D', 'E', 'F']","[None, 7, None, 7, None, 7, 9, 8, 5, None, 7, None, 5, None, None, None, 5, 3, None, 9, 3, None, None, 10, None, None]"
86,30,male,summer,"['A', 'B', 'D', 'E']","[10, None, 2, None, 5, 7, 6, 4, 6, 7, 3, 3, 6, 5, 4, 3, None, 6, 6, None, None, 3, 6, 6, 7, None]"
87,50,male,spring,"['A', 'F']","[6, 5, None, None, None, 8, 5, 8, 8, 7, 7, 4, 6, 6, None, 10, None, None, 3, 8, 4, None, None, None, 5, 3]"
88,50,male,summer,"['B', 'D']","[None, 4, None, 6, 4, 7, None, None, 5, 7, 4, 5, None, 4, None, None, 5, None, 5, 4, 5, None, 8, 5, 4, 7]"
89,30,female,summer,"['A', 'B', 'C']","[None, 5, 5, 7, 6, None, None, None, 5, 7, 6, None, 7, 5, 3, 6, 3, None, None, None, None, 6, 4, 5, 6, 6]"
90,30,male,winter,"['D', 'E']","[4, None, 7, None, None, None, None, 9, 3, None, None, None, None, 4, None, 7, None, None, 6, None, None, None, None, None, 3, None]"
91,20,male,winter,"['C', 'D', 'F']","[4, 6, None, None, 6, 4, 5, 8, 6, None, 7, 6, 6, None, 4, 7, 7, 7, None, 6, None, 4, None, 7, 4, None]"
92,40,male,spring,"['C', 'E', 'F']","[None, 5, 5, None, 3, 8, 8, None, 8, 5, 6, 6, 5, None, 8, 10, 7, 4, 2, 6, None, 7, 7, 8, 6, 5]"
93,30,male,winter,"['B', 'C', 'E']","[7, 5, 4, None, 8, 5, 5, 6, 3, None, None, 6, 3, 5, None, 6, 4, 9, None, 7, 9, 5, 5, 3, None, 8]"
94,30,female,summer,"['A', 'B']","[None, None, 2, 6, None, None, None, 7, None, None, None, None, None, 4, None, None, None, 4, 5, None, 7, None, 6, 4, 3, 9]"
95,30,male,winter,['B'],"[6, None, None, 3, None, 2, 7, 8, None, 5, 10, 5, 3, None, 2, 7, 5, None, 7, None, 9, None, 4, 2, 7, 4]"
96,40,female,summer,"['A', 'B']","[6, None, 6, 6, None, 5, None, None, None, 7, 6, 7, 7, None, 7, None, 4, 5, 3, None, None, 6, 5, 3, 7, None]"
97,20,female,winter,"['B', 'E', 'F']","[None, 4, None, None, None, None, 3, None, 4, None, None, None, 5, 4, 6, None, None, None, None, 7, 7, 9, None, 2, 5, 7]"
98,50,male,spring,"['E', 'F']","[6, None, 7, 8, 5, 8, None, None, 7, None, 9, 6, 7, 4, None, 6, None, 6, None, 8, 4, None, 7, 8, None, 4]"
99,40,female,summer,"['B', 'E']","[None, 7, None, None, 3, None, None, 5, None, None, 4, 7, None, 4, None, 3, None, 6, 7, None, 6, None, None, None, None, 6]"
100,40,female,winter,"['C', 'D']","[5, 6, None, 7, 8, 6, 6, 4, 7, None, None, None, 6, 4, 4, None, 4, 6, None, 5, None, 5, None, 5, 4, 3]"
101,40,female,summer,"['A', 'E']","[None, None, 4, None, 5, None, 5, 5, None, 6, 5, None, 5, None, 3, 5, 6, 2, None, None, None, None, 7, 5, None, None]"
102,50,male,spring,"['C', 'D', 'F']","[3, None, 3, None, None, 4, 9, 6, 4, 7, 6, 5, None, None, None, 8, None, 7, None, 5, None, 7, 4, 10, 5, 6]"
103,10,male,winter,"['C', 'D', 'E']","[8, None, None, None, 7, None, 6, 7, 5, 6, 10, 3, None, None, 3, None, 6, 8, 7, 8, 6, None, 5, 3, 7, None]"
104,50,female,spring,['D'],"[7, 5, 6, 5, 6, 8, 7, 7, 7, 4, 10, 5, 4, None, 8, None, 7, 6, None, None, 7, 6, 6, None, None, 6]"
105,50,male,spring,"['C', 'D', 'F']","[7, None, None, None, None, 8, 5, 6, None, None, 10, 3, None, 3, 8, None, None, None, None, None, None, 4, 5, None, None, 6]"
106,30,female,summer,"['B', 'C']","[10, 6, 6, None, None, None, None, 5, 8, 6, 3, 3, 3, None, None, 3, 3, None, None, 6, 5, 7, 4, None, None, 9]"
107,40,male,summer,['B'],"[None, 4, 4, None, 6, 3, None, 3, None, 9, None, None, 6, None, 4, None, 4, 5, None, 4, 7, 6, None, 5, None, None]"
108,20,female,winter,"['B', 'C', 'E', 'F']","[5, 2, 7, 5, 8, 3, None, 7, 4, None, 10, 5, None, 6, 2, 5, None, 8, 6, 10, 6, None, 2, 5, 4, 5]"
109,30,male,summer,['F'],"[9, None, 2, 4, 3, 4, None, None, None, 5, None, None, 4, 6, 5, None, None, 5, 7, None, 6, 7, None, 6, None, 9]"
110,50,male,summer,"['A', 'B', 'D']","[6, 4, 4, 4, None, 4, 4, 5, None, None, 4, 6, 3, 5, 4, 5, None, 5, 7, None, 4, 7, 8, 4, None, 7]"
111,30,female,winter,"['C', 'D']","[None, None, 9, 6, 9, None, None, None, 5, 2, None, None, None, None, None, 9, None, None, None, 5, None, None, 5, None, None, 2]"
112,20,male,winter,"['B', 'E']","[None, 6, 6, None, None, 2, None, 9, None, None, None, None, None, None, None, None, None, 5, None, 9, None, None, None, None, 3, 6]"
113,30,male,summer,"['A', 'B']","[10, None, 6, None, 3, 7, 5, 5, 5, 7, 4, 4, 3, 8, 7, 6, None, 4, 5, None, 7, 5, 6, 7, 3, None]"
114,30,male,winter,"['B', 'D', 'E']","[5, 6, None, None, 6, 5, 3, None, None, 5, 9, 4, None, None, 2, 5, 5, None, None, 10, 9, None, 6, 3, 4, 4]"
115,10,female,winter,"['C', 'E', 'F']","[7, 5, 4, 6, 7, 4, 5, 6, 3, 6, None, 5, 3, 7, 5, 5, None, 5, 7, 10, 8, 5, 4, 3, 6, None]"
116,30,male,winter,"['B', 'E']","[7, None, None, 6, None, None, 5, 9, 6, 6, None, 3, 3, None, 6, None, 3, None, None, 9, 7, 6, None, 5, 4, 4]"
117,40,male,spring,"['D', 'F']","[4, None, None, 6, 7, 7, None, 4, None, 3, None, 4, 7, None, 7, 10, None, None, None, None, 7, None, 3, 6, 6, 5]"
118,10,female,winter,"['A', 'B', 'D', 'E']","[6, None, 3, None, 9, 4, None, 6, 4, None, None, 3, 7, 5, None, 7, None, None, 8, 7, 10, None, 6, None, 4, None]"
119,10,male,winter,"['A', 'B', 'D', 'E', 'F']","[None, 3, 5, 6, 8, None, None, 10, None, 2, None, 6, 5, None, None, None, None, 5, None, None, 9, None, 6, None, None, None]"
120,50,male,spring,"['A', 'C', 'D', 'F']","[4, 4, 4, 6, 5, 8, 6, 6, 7, None, None, 7, None, None, 8, 9, 5, None, None, 9, 4, 5, None, 9, None, 4]"
121,40,female,summer,"['A', 'B', 'C']","[7, 5, None, 7, 3, 5, 4, None, 5, 9, 5, 5, 7, 5, 7, None, 5, 4, 3, 7, 5, 5, 8, 4, 4, 7]"
122,30,female,winter,"['A', 'C', 'F']","[5, None, 7, None, None, None, 9, 4, 6, 6, 3, None, None, None, 7, None, 7, None, None, None, None, None, 6, None, 5, None]"
123,50,male,spring,"['B', 'D', 'E']","[6, None, None, None, None, None, None, None, None, None, 8, None, None, 6, 8, None, 9, 7, 3, 5, 6, None, 7, None, None, 4]"
124,10,male,winter,['B'],"[None, 5, 6, None, 7, None, None, 7, 5, 2, None, 6, None, 7, None, 5, 4, None, None, 10, None, None, None, None, None, 7]"
125,30,female,summer,"['A', 'B', 'D']","[None, None, 4, 4, 4, 5, 3, 4, None, 5, 5, None, 6, 7, 6, 3, 3, 2, 6, None, None, 5, 4, 4, None, 7]"
126,50,female,summer,"['A', 'C', 'D', 'F']","[6, None, None, 5, None, None, 5, 5, None, None, None, 7, 5, None, None, None, 5, None, None, 4, 7, None, None, None, 7, None]"
127,20,male,winter,"['B', 'C', 'E', 'F']","[5, 5, 6, None, None, 5, 7, None, None, None, 7, None, 6, None, 3, None, None, None, None, None, None, None, None, None, None, None]"
128,40,female,summer,['A'],"[6, None, 6, 6, 7, 7, 3, 4, 9, None, 6, None, 5, 4, 6, 3, 5, 3, 7, 4, None, 3, None, None, 3, None]"
129,10,male,winter,"['B', 'D']","[6, None, None, None, None, 2, None, 10, 4, None, None, 3, None, None, None, None, 3, None, None, 10, 7, None, None, None, None, None]"
130,50,female,spring,"['B', 'C']","[7, None, 3, 5, 6, 8, 7, None, None, 3, 8, 4, 5, 2, 8, 10, 5, 7, 3, 6, None, 6, 7, 6, 5, 5]"
131,50,male,spring,"['A', 'B', 'D']","[None, 4, None, None, 3, 4, 8, 7, 8, 7, None, None, 7, 6, 6, None, 8, None, 2, None, 4, 6, 5, 10, None, 5]"
132,30,female,winter,['E'],"[None, None, 7, 6, 6, None, 5, 6, 8, 5, 7, 7, 3, None, 5, 6, 6, None, None, 3, 5, 3, None, 7, 6, None]"
133,30,male,winter,"['B', 'F']","[8, None, None, 3, None, None, None, None, 4, 5, 7, 3, 7, None, 2, 6, 3, 9, None, 7, 9, None, 4, None, 4, 6]"
134,20,female,winter,"['B', 'F']","[3, 4, None, 3, None, 3, 8, None, None, None, 4, 3, None, 7, 6, 8, 6, 10, None, 2, 6, 5, 5, None, 2, 5]"
135,30,male,winter,"['C', 'D']","[None, 8, None, 7, 10, 5, 8, 8, 7, 2, 5, 6, 5, 7, None, None, 6, None, None, 4, 5, 6, 3, 7, 6, None]"
136,40,female,summer,"['A', 'D', 'E', 'F']","[10, None, None, None, 4, 7, 6, 5, None, 9, 2, None, 3, 7, None, 4, 4, None, 5, None, 5, None, 5, 4, None, 6]"
137,20,female,winter,"['B', 'E']","[None, None, 4, 2, 6, 5, 5, 10, 3, None, 8, 3, 6, 5, 5, 3, 4, 8, 8, 9, 6, 8, 3, 2, None, 7]"
138,50,male,spring,"['A', 'D']","[4, 5, None, 4, 7, 8, 7, 4, 4, 6, None, 7, 7, 2, 5, 10, 5, 6, None, None, 6, 7, 3, 6, 6, 5]"
139,20,female,winter,"['B', 'D']","[3, None, None, None, None, None, None, None, 4, None, None, None, None, 4, None, None, 8, 7, None, None, None, 5, 3, None, 6, None]"
140,30,male,summer,['B'],"[None, 7, 2, 5, 6, 3, 5, 7, 5, 7, None, 4, 3, 8, None, None, 6, 4, 7, None, 7, 3, None, None, 6, 5]"
141,50,male,spring,"['D', 'F']","[3, 3, 3, 4, None, None, 8, 6, None, 4, 7, 6, 6, None, None, 10, 5, None, None, None, 4, 4, 5, None, 3, None]"
142,30,male,winter,"['A', 'C', 'F']","[3, 6, 6, 5, 7, 4, None, 6, 8, 6, 5, 4, None, 4, 4, 6, None, 10, 8, 5, 5, None, 4, None, 6, 6]"
143,30,male,winter,"['A', 'D']","[None, 3, None, 6, None, 4, 4, None, None, 5, 9, None, None, None, None, None, None, None, None, 6, None, 8, 4, None, 5, 8]"
144,20,female,winter,"['D', 'E']","[None, 4, 7, 7, 9, 2, 6, 6, None, 5, 4, None, None, None, None, 6, None, None, None, None, None, 4, 3, 6, None, None]"
145,10,female,winter,"['B', 'C', 'D', 'E']","[6, 5, None, 3, None, 6, None, 10, 2, None, None, 3, None, 8, 3, 3, None, 9, 7, 10, None, None, 5, 5, 5, 4]"
146,30,female,winter,"['A', 'E']","[4, 4, 6, 4, 7, 3, None, 10, 2, None, 6, 6, 6, 7, None, None, 7, 7, 7, 10, 8, 9, 4, 5, 4, 7]"
147,20,male,winter,['A'],"[None, 6, None, 7, None, None, 7, None, None, None, 7, 6, None, None, 5, None, 8, None, 7, None, 6, 6, 5, None, 6, None]"
148,40,male,summer,"['A', 'E']","[6, None, None, None, None, 3, 4, None, 5, 5, 2, None, 7, 6, 7, 4, None, 4, 3, None, 6, 3, None, 7, 6, None]"
149,40,female,winter,"['A', 'C']","[None, None, 8, None, 7, 4, 5, 6, None, 2, 6, None, 3, None, None, 7, 6, 6, None, None, 4, 7, 7, None, None, None]"
150,50,female,summer,"['A', 'B', 'F']","[6, None, None, 4, None, None, None, None, None, None, 5, 3, 3, 8, None, None, 4, None, 5, 4, None, None, 7, 6, 6, 8]"
151,50,female,spring,"['D', 'E', 'F']","[None, 5, None, None, None, 8, 6, 5, None, 7, None, 7, 7, 4, 5, None, 6, None, None, 9, None, 7, None, None, 2, None]"
152,20,male,winter,"['C', 'E']","[None, 3, None, None, None, None, 3, 9, 6, None, None, None, None, None, None, 5, None, None, 6, 9, 10, None, 6, 6, 4, None]"
153,20,male,winter,"['B', 'D']","[7, 6, 6, None, 9, 4, None, 9, 6, 2, None, 2, None, None, 3, 6, 6, 7, None, None, 6, 8, 6, 6, 3, None]"
154,40,male,spring,"['D', 'E', 'F']","[7, 4, 3, None, 6, None, 9, 4, 4, 3, 7, 6, None, 3, 8, None, 6, None, None, 9, 3, None, 7, None, None, 7]"
155,50,female,summer,"['A', 'B', 'E']","[10, 6, None, 5, 5, None, None, None, None, 9, None, 6, None, None, None, 4, None, None, None, None, None, None, None, None, None, None]"
156,30,female,winter,['F'],"[5, 4, None, 7, 7, 4, None, None, 5, 6, 7, 7, 5, 6, 8, 7, 6, 9, 8, 4, 3, 5, None, None, 5, 5]"
157,20,female,winter,"['C', 'E']","[None, None, None, 2, 6, None, 7, None, None, 5, None, 5, None, 7, None, None, None, None, 9, None, None, None, 6, None, None, 6]"
158,20,female,winter,"['D', 'E']","[None, 8, 5, 3, None, 2, None, None, 4, 2, 6, 4, None, 4, 7, 9, None, 6, None, 4, None, 4, None, 4, 2, None]"
159,40,female,summer,"['E', 'F']","[None, 4, 4, 5, None, 7, None, None, 7, 6, None, 4, 7, 6, 7, 7, 4, 4, 3, 3, 4, 7, None, 6, 6, 5]"
160,20,male,winter,['C'],"[6, None, 7, 5, 7, None, 6, 6, 5, None, 3, 3, None, 7, 4, None, 8, 7, 6, 2, 5, 3, 4, None, None, 4]"
161,20,male,winter,"['A', 'C', 'E', 'F']","[None, 3, 7, None, 5, None, 4, 7, None, 3, None, None, 5, None, None, 4, 5, None, 9, None, None, None, None, None, 4, 4]"
162,40,male,spring,"['B', 'D', 'F']","[4, 5, 7, 4, 5, None, None, 6, 6, 6, 8, 6, None, 2, 7, None, 9, None, None, 7, 3, 6, None, 6, 6, 4]"
163,20,female,winter,"['A', 'B', 'C', 'D', 'F']","[6, None, 8, 6, 10, 6, None, None, None, 6, 6, 7, 6, None, None, None, 5, 8, 8, None, 4, 6, 5, None, 3, None]"
164,40,female,summer,['D'],"[None, None, 5, 8, None, 3, 4, 7, None, None, None, 3, None, 5, 3, None, None, None, None, None, None, None, 6, None, None, 9]"
165,50,female,spring,"['A', 'B', 'D', 'F']","[None, None, 3, None, None, None, 7, 4, 7, 6, None, None, 5, None, 9, None, 7, 3, 5, 9, None, 7, None, 10, 4, 5]"
166,40,female,winter,"['C', 'D']","[6, None, 6, 4, None, None, None, 4, None, None, None, 6, 3, 7, 5, 8, None, None, None, None, 2, None, 3, None, None, 2]"
167,40,female,winter,"['A', 'B', 'D']","[3, 7, None, None, None, None, 9, 7, 5, None, None, None, 3, 5, 5, None, 7, 6, 7, 4, 2, 4, None, None, 6, 3]"
168,50,male,spring,['F'],"[6, 4, None, 5, 4, 4, None, None, None, None, 8, 3, None, None, 9, None, 5, 4, None, None, 3, None, 3, None, 5, 6]"
169,50,male,spring,"['A', 'D', 'F']","[3, None, 3, None, 4, 6, 7, 4, 6, 3, None, 4, None, 3, 9, 7, 5, 4, None, 8, 5, 5, 5, 9, 3, 7]"
170,40,male,spring,['A'],"[4, 4, 5, 6, None, 4, 6, 8, 8, None, 9, None, 5, 4, 7, 8, 6, None, 2, None, 6, None, 5, 9, 6, None]"
171,30,female,winter,"['C', 'F']","[6, 4, 7, 4, None, None, 6, 6, 8, 6, 5, 7, 6, None, 8, 6, 8, None, 6, 5, 2, 7, 3, 7, 6, 5]"
172,30,female,winter,"['A', 'D', 'F']","[7, 7, 8, 3, None, 2, 6, 8, 4, 5, None, 3, 3, 6, None, None, 4, 7, None, 4, None, 6, 7, None, 2, 6]"
173,50,female,spring,"['A', 'D', 'F']","[5, None, 4, None, None, None, 5, 8, None, 3, 6, 6, 7, 3, None, 7, 8, 4, 4, None, None, 3, None, None, 4, 6]"
174,20,male,winter,"['A', 'B', 'C', 'E']","[5, None, 5, 4, 8, None, None, 10, None, 2, 10, None, None, 6, 6, 4, 3, 7, None, 6, None, 5, None, 6, None, None]"
175,20,female,winter,"['B', 'C', 'E', 'F']","[7, None, 5, None, 5, None, 3, 6, None, 6, 8, 4, None, None, None, None, None, 7, 9, 10, 8, None, None, None, 7, 6]"
176,30,female,winter,"['B', 'D']","[5, None, None, None, 6, 3, None, None, 5, 4, 4, 6, 7, None, 4, 6, 5, None, 8, 4, None, 6, None, 5, None, 3]"
177,40,male,winter,"['A', 'C', 'D', 'F']","[6, None, None, 3, None, None, 7, None, None, 6, 4, None, None, 6, 8, None, 8, None, 9, None, 4, None, None, None, None, 5]"
178,50,male,spring,['D'],"[5, 3, None, None, 7, None, None, 8, 4, 5, 8, 3, None, 6, 9, None, None, None, 6, None, 5, 6, 4, 6, 2, 3]"
179,30,female,winter,"['B', 'C', 'D']","[6, 4, None, 4, 9, None, 8, None, 7, None, None, 5, 4, None, None, None, None, 10, None, 5, None, None, None, None, 3, 3]"
180,20,male,winter,"['B', 'D', 'E']","[7, None, None, None, 9, None, None, 10, 4, None, None, None, 3, None, 3, None, None, None, None, None, None, 8, None, None, 4, None]"
181,30,male,winter,"['B', 'D', 'E']","[None, 6, 4, 5, None, None, 7, 7, 5, None, None, 6, 4, 7, 6, 7, None, 7, None, None, 10, None, 4, 3, None, 6]"
182,30,female,winter,"['B', 'E']","[None, 3, 3, None, 9, None, 7, None, 2, 3, 6, 5, None, 5, 4, None, 3, 7, 7, None, 7, None, None, None, None, 4]"
183,40,female,winter,"['C', 'D']","[None, None, None, 4, 9, 4, 7, 5, 5, 4, None, 4, None, 7, 5, None, 4, 10, 8, 6, 5, 3, None, 4, 2, None]"
184,30,female,winter,['E'],"[6, None, 6, 4, 7, None, 5, 9, None, 4, 7, None, 4, 8, None, 5, None, 5, 9, None, 10, None, 5, 3, None, None]"
185,30,female,winter,"['B', 'E', 'F']","[3, 4, 6, 5, 10, None, None, 7, 8, 6, None, 6, None, 7, 6, 8, 5, None, 10, 5, None, None, None, 8, None, 5]"
186,40,male,spring,"['D', 'F']","[None, None, 3, None, None, None, 7, 8, 7, 6, None, 7, None, None, 6, None, 7, None, None, 6, None, None, None, None, 5, 5]"
187,30,female,winter,"['A', 'C', 'E', 'F']","[3, None, None, 7, None, 5, 7, None, 6, None, None, 3, None, None, None, None, 7, None, None, 3, None, None, 7, 8, 4, 2]"
188,40,female,winter,"['C', 'D', 'F']","[None, 5, None, 3, 10, 6, None, None, None, 3, None, None, 3, None, 5, 6, None, 6, None, 2, 2, None, 5, 4, 4, 4]"
189,10,female,winter,['B'],"[8, 2, 7, 2, 8, None, 7, 9, None, 6, None, 4, None, 5, 6, 7, 6, 6, 8, 9, 8, 5, None, None, 4, None]"
190,20,male,winter,"['B', 'E', 'F']","[4, None, 6, None, None, None, None, 10, None, None, None, None, None, 4, 6, None, None, 9, 9, None, None, 9, 4, None, None, None]"
191,50,female,summer,"['A', 'F']","[10, None, 4, None, None, 3, None, None, 5, 7, 4, 5, None, None, None, 3, None, 5, 6, None, 6, 5, None, None, 3, 6]"
192,20,female,winter,"['B', 'C', 'E']","[None, 5, None, None, 6, 4, None, 8, 3, 2, 7, 5, 4, 8, 6, None, None, 5, None, None, None, None, None, 5, None, 7]"
193,30,female,winter,"['C', 'D', 'E']","[None, None, 8, 4, 7, 3, None, 8, 8, 4, 4, 6, 5, 7, 8, 6, None, None, 9, 6, None, 5, 4, None, 2, 5]"
194,40,male,spring,"['E', 'F']","[7, None, 6, None, 7, 4, 9, 7, 6, 3, 7, 3, 7, None, 6, None, 9, 6, 6, 9, 7, 4, None, 8, 6, 3]"
195,20,female,winter,"['B', 'C', 'D', 'F']","[None, None, None, 4, None, None, None, 6, 5, None, None, None, None, None, None, None, 5, 6, None, 3, None, 7, 3, None, 5, 6]"
196,50,female,spring,"['A', 'D', 'E', 'F']","[3, 3, None, 6, 4, None, None, None, None, None, None, 7, None, 3, 5, 8, None, 7, 5, None, 6, 4, 7, None, None, None]"
197,50,female,spring,"['A', 'B', 'E', 'F']","[6, None, None, None, 3, 5, None, None, 7, None, 8, 7, None, None, None, None, 9, None, None, 7, 6, None, None, 8, 6, 3]"
198,30,male,winter,['C'],"[4, 5, None, 5, None, 4, 7, 5, None, None, 6, 6, 5, 4, 4, None, 7, None, None, 3, None, 5, None, None, None, 2]"
199,30,female,winter,"['B', 'E', 'F']","[7, 2, 7, None, None, None, None, 6, None, None, 6, 4, 7, None, None, 5, None, None, 9, 8, None, None, 3, 2, 7, 8]"
200,30,female,winter,"['B', 'E']","[5, 2, 4, 3, 8, None, 3, 9, 2, 2, 7, 2, 5, 7, 6, None, 4, 8, 9, None, 6, 6, 2, 2, 4, None]"
201,30,female,winter,"['A', 'B', 'C', 'D', 'F']","[5, None, None, 3, None, None, None, 7, 8, 4, None, 3, 6, None, None, None, 4, 7, 6, 4, None, None, 3, None, None, 4]"
202,20,female,winter,[],"[None, 5, 3, None, 9, 6, 6, 6, None, None, 6, None, 3, None, 2, None, 6, 6, None, 6, 8, None, 6, None, 6, 5]"
203,30,female,winter,"['A', 'C']","[3, 7, None, None, 10, 5, None, 5, 6, 5, 4, 6, 5, 4, 8, None, 4, None, 10, 2, 3, 3, 7, 6, 4, 2]"
204,50,female,spring,"['B', 'C', 'E', 'F']","[3, 6, None, 6, 5, None, None, 8, 5, 4, 8, 4, None, None, None, 10, 9, 7, None, 8, 7, 5, None, 8, None, 7]"
205,40,female,summer,[],"[None, 6, 5, None, None, None, 4, 6, None, 6, 4, 7, None, 4, None, 7, 5, None, None, 5, 7, None, 7, 6, None, 6]"
206,40,female,summer,['E'],"[None, 8, 4, 6, 3, 4, 5, None, 8, 6, 5, None, 6, None, 5, 6, 4, 4, 5, 4, 4, None, 6, 7, None, None]"
207,30,female,winter,"['E', 'F']","[7, 6, None, None, None, None, 8, None, None, 6, 3, 4, 6, None, None, 5, 8, None, 7, None, None, None, 6, None, None, 2]"
208,50,female,spring,[],"[6, None, None, 6, 7, None, 7, 7, 6, None, 9, None, None, None, 9, None, None, 3, None, None, None, None, 7, None, 3, None]"
209,30,female,summer,"['A', 'C']","[None, 8, None, None, None, 7, 5, 7, 8, 6, 2, 4, 6, 5, 7, None, 7, 2, None, 6, None, 7, None, None, 6, 7]"
210,10,male,winter,"['B', 'C', 'D', 'E']","[None, 3, 6, 4, None, 3, 3, None, None, 2, None, None, 7, None, 2, 5, 4, 5, 8, None, None, None, None, 5, 3, None]"
211,10,male,winter,"['A', 'E']","[None, 6, 3, 6, 8, None, None, None, 3, None, 7, None, None, None, None, None, None, None, 9, 10, 10, None, None, None, 7, 8]"
212,20,female,winter,"['B', 'D']","[None, 4, 6, 7, 6, 2, None, 4, 6, 3, 3, None, 4, 5, 8, 5, 4, 9, None, None, 2, None, None, 5, None, None]"
213,30,male,winter,[],"[None, 6, 8, 7, 7, 3, 9, 4, None, None, 4, 4, 4, 6, 8, None, 5, 10, 10, 4, 3, 3, 6, 7, 6, 3]"
214,20,female,winter,"['B', 'E']","[5, 4, 7, 4, 7, 2, None, 7, 6, None, 10, 2, 5, 7, None, 5, None, 6, 10, 8, 8, 5, 6, 2, 3, 5]"
215,30,male,winter,"['A', 'B', 'C', 'D']","[None, 7, None, 3, 10, 6, 6, 4, 6, 6, None, None, None, None, None, 5, 4, 10, 6, 4, None, 7, 3, 8, 4, 6]"
216,30,male,summer,"['C', 'F']","[9, 4, None, 7, 6, 4, 2, 5, 6, None, None, None, None, 8, None, 3, None, 5, 7, 7, 4, 4, None, None, None, 6]"
217,40,female,summer,"['A', 'B', 'F']","[6, None, None, None, None, None, None, None, 7, None, 4, 4, None, 6, None, None, None, None, 4, None, 3, None, 4, None, None, None]"
218,30,male,winter,"['A', 'B', 'E']","[None, None, 6, None, 8, 2, None, 10, 2, 5, 10, None, 4, None, None, 5, None, None, None, 8, None, None, 5, None, None, 7]"
219,50,female,summer,['A'],"[6, None, 6, 7, None, None, 6, None, 6, 5, 2, 7, None, 4, 4, None, None, None, 6, None, None, None, 4, 3, 4, None]"
220,20,female,winter,"['C', 'D']","[7, 6, 8, 3, 7, 6, 7, 7, None, 3, 7, 6, None, 6, 4, None, 7, 8, None, None, 5, 7, 6, 7, None, 4]"
221,40,male,winter,"['B', 'D', 'E']","[7, 4, None, 4, 6, 5, 6, None, 4, None, 7, 7, 5, 4, 6, 6, 5, 8, None, None, 4, None, 6, 5, None, 2]"
222,40,female,summer,"['A', 'B', 'E']","[10, 8, 3, 6, 6, None, 2, 3, 6, 8, None, 3, 5, 6, 6, 3, 6, None, 4, None, 4, 4, 8, 3, None, 5]"
223,20,male,winter,['D'],"[5, None, 4, None, 7, None, 7, 6, 6, 6, 10, 3, 5, None, 2, 7, 3, 8, None, None, 9, 8, None, None, 3, 4]"
224,50,male,spring,"['B', 'C', 'F']","[6, 6, None, 7, 5, 6, 6, 8, 6, 3, 6, None, None, 3, 7, 7, None, 6, 3, 7, None, None, None, 6, None, 5]"
225,40,male,spring,"['E', 'F']","[3, None, None, None, None, None, 9, 6, None, 6, 7, None, 4, None, 5, 8, None, 7, None, 6, None, None, None, None, 4, 6]"
226,30,female,winter,"['A', 'B', 'C', 'E', 'F']","[None, 3, None, 4, 8, None, 3, 8, None, None, None, 3, 5, 4, 5, 5, 3, 8, 6, 8, None, None, 6, None, None, None]"
227,30,male,winter,"['B', 'D']","[4, 5, None, None, None, None, None, None, None, 5, None, 6, None, 4, 5, None, 5, 9, 10, 2, None, 5, None, 6, 6, None]"
228,40,male,spring,"['A', 'B', 'F']","[4, None, None, 4, None, None, None, None, 7, 6, 8, 3, 4, None, None, None, None, None, None, 7, None, 6, None, None, 5, None]"
229,10,female,winter,['E'],"[None, None, 4, 2, 6, 3, 3, None, 2, None, 6, None, 4, None, None, None, 3, 7, 10, 6, 9, 8, None, 2, None, None]"
230,50,male,spring,"['D', 'E']","[6, 4, None, 8, None, 8, None, 7, 8, 7, None, None, 6, None, 8, None, None, None, None, 8, None, 6, 4, None, 6, None]"
231,40,female,spring,"['B', 'F']","[None, 7, None, None, 4, None, None, 7, 6, 3, None, 4, None, 4, 9, None, 8, None, 3, 9, 6, None, None, None, 6, 7]"
232,50,male,spring,"['B', 'D', 'E']","[3, 7, 5, 5, 7, None, 6, 7, None, 5, 10, None, 5, None, None, None, 9, 6, 4, None, None, 7, 7, None, 4, None]"
233,50,male,spring,"['A', 'C', 'D', 'F']","[3, None, None, None, 3, 4, 9, None, 7, 4, 7, 6, None, 3, None, None, None, 5, None, None, None, 3, None, None, 2, None]"
234,40,female,spring,"['C', 'D', 'F']","[5, None, None, 7, 3, None, 7, 7, 4, None, None, 5, None, 6, None, 8, 8, 5, None, None, None, None, 3, 7, 5, None]"
235,30,female,winter,"['A', 'C', 'D']","[4, 8, 7, 3, None, 2, 9, 4, 7, 4, None, 6, 7, 3, None, 8, 5, None, 7, None, 3, None, 7, 7, 3, 5]"
236,10,male,winter,"['A', 'B', 'F']","[4, 3, 6, 4, 6, 2, 5, 9, None, None, None, None, 7, 5, 3, 4, None, None, None, None, None, None, 4, 3, None, 6]"
237,40,female,summer,"['A', 'B', 'F']","[None, 6, 3, 6, None, 5, None, None, 9, None, None, None, 7, None, None, 7, None, None, None, None, 3, None, None, None, 6, 8]"
238,50,male,spring,"['E', 'F']","[4, 3, 4, 5, 6, 8, None, 5, None, 5, None, 4, 3, None, 6, 10, 6, None, None, None, None, 4, 4, 8, 5, None]"
239,30,female,winter,['D'],"[None, None, None, None, None, 2, 6, 5, None, 4, None, 3, None, 6, None, 6, 6, 7, 10, 2, None, None, None, 6, 4, 6]"
240,30,male,winter,"['B', 'E']","[4, 6, None, None, None, 3, None, 7, None, 3, 6, None, 3, 6, None, 6, 7, 7, None, 10, None, None, 2, 2, 6, None]"
241,30,female,summer,"['B', 'F']","[None, None, 2, None, None, 5, 2, 7, 8, 5, None, None, None, 4, None, None, 4, 6, None, None, None, None, 7, 3, None, None]"
242,50,male,spring,"['D', 'F']","[6, 5, 5, None, None, None, None, 7, 4, 3, None, 7, 3, 3, 7, 8, 9, None, 6, 8, None, 4, None, 8, None, 3]"
243,40,male,spring,"['A', 'B', 'F']","[6, 4, None, 5, 5, 7, 5, 4, 6, 4, 9, 4, 4, None, 9, 7, 7, 5, 6, 6, None, 7, None, 6, 6, None]"
244,50,male,spring,"['D', 'F']","[None, None, None, 8, 6, None, 5, None, None, None, None, 4, None, 6, None, None, 8, 5, 6, 9, 6, None, None, 10, 5, 4]"
245,30,male,winter,"['B', 'C', 'D']","[None, None, None, 5, None, None, 7, 8, None, 2, None, None, 6, None, None, 9, None, None, 10, None, 3, 4, 4, None, None, 5]"
246,20,male,winter,"['A', 'C']","[None, 6, 5, 5, None, 3, 3, None, None, 3, 9, None, None, 4, None, 7, None, None, 10, 6, None, 7, None, None, None, None]"
247,40,female,winter,"['C', 'D']","[4, None, 5, 3, None, None, None, None, None, 5, 4, None, None, None, 6, None, None, None, None, None, None, None, None, None, 6, None]"
248,10,male,winter,"['B', 'D', 'E']","[8, None, 6, None, 7, 5, 4, 8, 3, None, None, 3, 4, 8, 4, 3, 7, 9, 10, 6, 9, 9, 4, 6, None, 5]"
249,10,male,winter,"['A', 'B', 'D', 'E']","[None, None, None, None, None, None, None, None, 2, 2, 8, None, None, 7, None, 5, None, 8, None, 7, 8, None, 6, None, 5, None]"
250,20,female,winter,"['A', 'B', 'E', 'F']","[6, 4, None, 6, 5, 6, 5, 10, None, 5, None, None, 4, 7, 5, 7, 3, None, None, 10, 6, 9, None, None, 6, 7]"
251,30,female,winter,"['A', 'B', 'D']","[6, 8, None, 6, 9, 3, None, None, 7, 4, None, None, 5, 3, None, 9, 8, 9, 7, 5, 2, None, None, None, None, None]"
252,20,male,winter,"['B', 'C', 'D']","[None, None, None, None, 9, None, None, 4, None, 2, 5, None, 6, 6, 6, None, 8, None, 10, 4, 4, 6, 3, 6, 4, 4]"
253,30,male,winter,"['B', 'E']","[8, 4, 4, None, None, None, None, None, None, None, None, None, 7, None, None, None, None, None, 9, 10, 8, None, None, None, 5, 7]"
254,50,male,spring,"['A', 'C', 'E']","[7, 7, None, None, 7, None, None, None, None, 6, None, None, 6, None, 7, None, None, 6, 2, None, 3, 5, 7, None, None, None]"
255,30,male,summer,"['B', 'D']","[10, 5, 4, 7, 7, 6, None, None, 8, 7, 5, None, None, 6, None, None, 3, 2, 7, 5, None, 4, 8, 4, 3, 6]"
256,30,male,winter,"['A', 'B', 'C', 'D']","[None, None, 8, 4, 8, 5, None, 5, None, 3, 4, 6, 5, 7, None, None, None, 6, 8, 6, 5, 7, None, 8, 2, None]"
257,50,female,spring,"['A', 'D', 'F']","[6, None, 3, 4, None, 4, 6, 6, 4, None, None, None, 4, 5, 6, None, 9, 6, None, 7, 4, 4, 6, 10, 3, 5]"
258,30,male,summer,['C'],"[None, None, 5, 7, 7, 3, 5, 3, 6, 5, 3, 5, None, 5, 7, 5, None, 4, 4, 4, None, None, 4, None, 3, 9]"
259,30,male,winter,['C'],"[None, None, 9, 3, None, 6, 5, None, 5, None, 4, None, None, None, 8, 8, None, None, 8, 2, None, 3, 3, None, None, 3]"
260,30,male,summer,['B'],"[None, 5, None, 5, None, 7, None, 4, None, 5, None, None, 7, None, 7, None, 4, 4, None, 4, 3, 7, 8, 7, 3, 5]"
261,50,male,spring,['A'],"[6, 6, None, 8, 6, None, 7, 4, 6, 5, 7, 4, 7, 2, None, 7, 8, None, 5, 6, 7, 3, None, 7, 2, 3]"
262,50,female,summer,['B'],"[None, None, 6, 6, 7, None, 2, 3, 9, 8, 2, 7, None, None, 4, 5, None, 2, None, None, None, 4, 7, 7, 6, None]"
263,30,female,winter,"['B', 'C', 'D', 'E']","[7, 5, 5, 6, 9, None, 7, None, 6, 6, 6, None, 4, 6, None, 6, None, 8, None, 2, None, None, None, 5, 3, 3]"
264,20,female,winter,"['A', 'B', 'C', 'E', 'F']","[None, None, 6, 4, None, None, None, 6, None, None, None, 3, 5, None, 3, None, None, 5, None, None, None, 9, None, 6, None, 5]"
265,50,male,spring,"['E', 'F']","[6, None, 4, 5, 4, 8, 7, None, 5, 4, 9, None, 3, 5, 5, 10, 9, 5, 3, 9, 7, None, 4, 8, 4, 5]"
266,50,male,summer,"['A', 'B', 'F']","[None, 7, None, 4, 3, 3, 6, 7, None, 5, 6, None, 5, 6, None, 3, 4, None, 4, 5, None, 7, 7, None, None, 5]"
267,30,male,winter,"['B', 'F']","[None, None, 3, None, None, 2, None, 7, 5, None, 7, 5, None, 8, None, None, None, 8, 9, None, None, None, 4, 5, None, None]"
268,30,female,winter,"['A', 'B', 'C', 'D', 'E', 'F']","[5, None, 6, 5, 10, 4, 9, 4, 5, 3, None, None, 6, None, None, 5, 7, 10, 10, None, 2, 7, 4, 6, 5, 5]"
269,50,male,spring,"['A', 'D', 'E']","[7, 7, 3, 6, 3, 6, 7, 6, 7, 4, 8, 6, 6, 6, 5, 6, 9, 4, None, None, 7, 3, None, 8, 5, 3]"
270,20,male,winter,"['B', 'E', 'F']","[4, None, None, 5, 9, 6, 4, 8, 2, None, 8, 4, 3, 7, 3, 5, None, None, None, 8, 6, 6, 4, 2, 3, 7]"
271,40,male,spring,"['A', 'D', 'F']","[6, 5, 5, None, 5, 8, 6, None, 4, 6, None, 7, 6, None, 6, 6, 8, 7, None, None, None, 4, 6, None, 3, None]"
272,30,female,winter,[],"[6, None, 6, None, 6, None, 6, 4, 8, None, 3, 7, 7, None, 7, 5, 4, 10, 7, 6, None, 3, 5, 5, 3, 3]"
273,40,male,spring,"['A', 'B', 'D', 'F']","[5, None, 6, 4, None, 5, 7, None, 8, 3, None, 4, 7, None, None, None, 6, 7, 3, 7, 7, 4, None, None, 2, None]"
274,20,male,winter,"['B', 'E']","[None, 2, 4, None, None, 2, None, None, None, 4, 9, None, 7, None, 4, 6, 7, 8, 7, 10, 8, 9, 3, 2, 3, None]"
275,40,female,summer,"['A', 'B', 'C', 'F']","[7, 5, None, 5, 5, 6, 6, 3, 7, None, 2, 7, None, None, None, None, None, 3, 4, 5, None, None, None, 3, 3, None]"
276,50,male,summer,"['A', 'B', 'C']","[7, 8, None, 6, None, 4, 2, 4, None, 7, None, 6, 4, None, 4, None, None, 4, 4, 3, 5, None, 6, None, 4, 5]"
277,30,female,winter,"['B', 'C', 'E']","[None, 6, 8, 4, None, 3, 7, 8, 5, 4, 6, 7, 3, None, 7, 8, None, None, 6, 2, 5, 6, 7, 7, 3, None]"
278,30,male,summer,"['B', 'C']","[7, 8, None, 8, 7, None, None, 7, None, 9, 5, None, 5, 7, 4, 5, 7, 4, None, 4, None, None, 5, 4, 7, 8]"
279,50,female,summer,"['B', 'F']","[None, 5, 6, 7, None, None, None, 3, None, None, None, 3, 5, None, 4, 3, 7, 3, 6, 4, 5, 6, None, 7, 4, None]"
280,30,male,winter,"['A', 'C', 'D']","[5, None, 5, None, 7, 3, None, None, 7, 3, 4, None, 5, 7, None, 6, None, 9, None, 4, None, 4, 6, None, None, None]"
281,20,male,winter,"['C', 'D', 'E']","[3, 8, 9, 3, 10, 2, 7, 7, None, 5, 5, None, 6, None, 5, 8, 5, 6, None, None, 4, 5, 5, 4, 2, 5]"
282,50,male,summer,"['A', 'C', 'D']","[7, 4, 4, 7, None, None, 3, 7, 6, 6, 6, None, 5, 4, 7, 6, None, 2, 3, 5, 5, 4, None, None, 5, 5]"
283,20,female,winter,"['B', 'D', 'E']","[None, None, 4, 2, 7, None, 3, None, None, None, None, 5, 4, None, 6, 5, 4, None, None, None, 10, None, 3, 6, None, None]"
284,30,male,winter,"['A', 'B', 'C']","[5, 5, 5, None, 5, None, 6, None, 6, 5, 8, 6, None, 8, None, 4, 4, 8, 8, None, None, 7, 4, 4, None, 4]"
285,10,male,winter,"['A', 'B', 'C', 'E']","[7, 6, 4, 3, None, None, 3, 7, 6, 4, 7, None, 4, 5, 3, 3, 5, 7, 6, 6, 10, 7, 4, None, 7, 6]"
286,30,male,winter,"['B', 'D']","[None, None, 8, 5, 6, 2, None, 5, None, None, 5, 3, 5, 6, None, 5, None, 8, None, None, 5, 6, 5, 8, None, 6]"
287,50,male,spring,"['D', 'F']","[4, None, 4, 6, None, None, None, 6, 5, 7, 6, None, 7, 6, 9, 10, 6, None, None, 8, 3, 7, 6, None, None, 6]"
288,10,male,winter,['C'],"[6, 5, None, 4, 7, 3, 7, None, 3, None, 7, 5, 6, None, None, 7, 3, 7, 8, 9, None, 6, None, 5, 5, 5]"
289,40,female,winter,"['C', 'D', 'F']","[7, 4, None, 6, None, 6, 7, 5, None, 5, 4, 7, None, None, None, 5, 6, 7, 10, None, None, 3, 6, 7, None, 3]"
290,20,male,winter,"['B', 'E']","[4, 5, 7, 3, 8, None, 3, None, None, 4, 6, 3, 6, 6, 5, None, None, 9, 9, None, None, 6, None, 5, 3, 7]"
291,20,female,winter,"['A', 'B', 'C', 'D', 'F']","[6, 7, 7, 7, None, None, 8, None, None, 5, 6, 7, 6, 5, 8, 5, 4, 6, 8, None, None, None, None, 7, 6, 5]"
292,20,female,winter,"['B', 'E', 'F']","[8, None, None, None, 8, None, 6, None, 6, 5, None, None, None, 7, None, None, None, 8, 10, None, 8, None, None, 5, None, None]"
293,40,female,spring,['B'],"[3, 3, 6, None, None, 8, None, 5, None, 4, 8, None, None, 3, None, None, 5, 3, None, 9, 7, 7, 7, None, None, 6]"
294,40,female,winter,"['C', 'D', 'E']","[3, None, None, None, None, 2, 7, 8, None, None, 7, 5, None, None, None, 6, None, None, None, 5, None, None, 7, 8, None, 4]"
295,30,female,winter,"['C', 'D', 'E', 'F']","[5, 4, 9, 4, 8, None, 5, 7, 5, 6, 3, 6, 4, 4, 4, None, None, 8, 10, 6, 2, None, 6, None, 2, 2]"
296,40,female,spring,"['C', 'D', 'F']","[7, 4, None, 6, 4, None, 5, 8, 4, 7, 9, 5, 4, 3, 7, 8, None, 5, None, 5, None, 6, 7, 10, None, 4]"
297,40,female,spring,['F'],"[3, 3, 4, 6, 7, 6, 6, 5, None, 3, 7, None, 5, None, None, 10, 9, 5, 2, None, 5, None, 7, 7, None, 5]"
298,30,male,summer,"['A', 'B', 'F']","[None, None, 5, 4, 5, None, 5, None, 7, 6, 2, None, 4, 8, None, None, 3, 2, 4, 7, 3, 3, 8, 6, 3, 5]"
299,20,male,winter,['F'],"[3, None, 8, None, 6, 3, 5, 4, 8, 3, None, None, 6, 4, None, None, None, None, None, 6, 6, 5, 3, 7, 6, 2]"
300,40,male,spring,"['A', 'D', 'F']","[5, 6, 7, None, None, 7, 7, 4, 7, 4, None, 6, 4, None, 8, 7, None, 7, 2, 9, 4, 3, None, 9, 6, 3]"
301,30,female,winter,"['E', 'F']","[7, None, None, None, 9, 4, 3, 10, 3, None, None, None, None, 7, 2, 4, 5, None, 9, None, 8, None, None, 3, None, None]"
302,30,male,summer,"['A', 'D']","[6, None, 2, 4, 4, None, None, 5, None, 7, None, None, None, 4, None, None, None, None, 3, 5, None, None, None, 7, 4, 9]"
303,10,male,winter,"['B', 'E']","[None, None, 3, 5, None, 4, None, 8, 2, 2, None, 2, None, 6, 6, 6, None, 6, 6, 9, None, 9, 5, 5, None, None]"
304,30,male,winter,"['A', 'D', 'E', 'F']","[6, 6, 3, 2, None, 5, 4, None, 4, None, None, 5, 7, None, 5, None, None, 8, 6, None, 6, 8, 6, 5, None, 4]"
305,50,male,spring,"['C', 'F']","[None, None, None, 4, 5, None, 5, 7, 7, None, 7, 5, 5, 5, None, 9, None, None, None, 6, 4, None, None, None, None, 5]"
306,20,male,winter,['E'],"[None, None, 4, None, None, 6, 6, None, None, None, 6, 2, 3, 5, None, None, None, None, 7, 10, 7, None, None, 4, 4, None]"
307,30,female,winter,"['A', 'B', 'E']","[6, 2, 4, 5, None, 4, None, 9, 4, None, 6, 4, 7, 5, 4, 6, 7, None, 10, 9, 7, 5, 3, 5, 3, 4]"
308,50,female,spring,"['D', 'F']","[None, None, 5, 8, None, 8, None, 8, 8, 6, 6, 3, 6, None, 7, None, 7, None, None, 9, 5, 3, 6, 6, 4, 6]"
309,20,female,winter,"['B', 'C', 'E']","[None, 2, 6, 2, 5, None, 6, None, None, 3, None, 3, None, 7, 3, 5, 4, 5, 9, 10, 8, 7, 2, None, 3, None]"
310,30,male,winter,['B'],"[7, None, 7, None, 8, 2, 9, 8, None, None, None, None, 3, 5, 6, None, 6, 6, None, None, 5, None, 5, 4, None, None]"
311,40,female,summer,"['A', 'B', 'C', 'F']","[None, None, None, 4, 6, 3, 4, 3, 8, None, None, None, None, None, None, 5, None, 3, 4, 3, None, 3, 4, 4, 3, 8]"
312,50,male,spring,"['D', 'E']","[7, 6, 6, 7, 5, None, 9, None, None, 6, None, None, 3, 6, None, None, None, 3, 5, 8, 7, None, 4, None, None, 4]"
313,40,female,winter,"['C', 'D']","[7, 5, None, 3, None, 5, 8, 8, None, 2, 3, 4, 3, 5, 5, 7, 7, None, 10, 3, 4, 5, 6, None, 4, 6]"
314,10,male,winter,"['B', 'D', 'E', 'F']","[7, 3, None, None, 7, None, 7, 6, None, 4, None, None, 6, 6, 4, 7, None, None, None, None, 7, 6, 6, None, 4, None]"
315,30,male,winter,"['C', 'D', 'F']","[3, 5, 5, None, None, None, 9, 7, None, None, None, None, 7, 3, 8, None, None, None, None, 2, 6, None, 5, 7, 5, 3]"
316,50,male,spring,['F'],"[None, 7, None, 5, 5, 8, None, None, 4, 3, None, None, 3, None, 7, 9, None, 6, None, 6, 5, 3, 7, None, None, 6]"
317,20,female,winter,"['C', 'E']","[None, 2, 7, 4, 9, 6, None, 9, 3, None, 8, 2, 4, None, None, None, 3, 9, None, None, 10, None, 6, None, 5, None]"
318,30,male,winter,"['A', 'B', 'C', 'D', 'E', 'F']","[None, None, 7, None, 8, 5, 5, None, 3, 2, 10, None, None, 4, None, 3, None, None, None, 9, 10, 5, None, None, 7, None]"
319,40,female,summer,"['B', 'F']","[None, None, 3, 8, None, 3, 4, 4, 5, 5, 5, None, 3, 8, 3, 5, 3, 4, 5, None, None, 4, 8, 4, 7, 6]"
320,30,male,summer,"['B', 'D']","[9, 5, None, None, 7, None, 3, 5, 6, 5, 2, 6, 5, None, None, 5, 6, None, 7, None, None, 6, 7, 7, 7, None]"
321,40,male,spring,"['A', 'C', 'D', 'E', 'F']","[None, 4, 7, 7, 4, 4, 5, None, 6, 3, None, 7, 5, 3, 6, 9, 7, 4, 2, 5, 6, None, None, 10, None, None]"
322,30,female,winter,"['B', 'D']","[None, 6, None, 4, None, 4, 4, 7, 3, 5, 6, None, 7, 5, None, None, None, 9, 6, 8, None, None, None, 6, 4, None]"
323,40,male,spring,"['A', 'B', 'D', 'F']","[None, None, 4, None, 4, 6, None, None, None, None, 8, None, None, None, None, None, 9, None, None, 7, None, 5, 6, 8, 5, None]"
324,20,male,winter,['C'],"[None, 2, 5, None, 8, None, None, 10, 2, 4, 6, 3, 7, 7, None, 6, 5, None, None, None, None, 7, None, 5, None, 5]"
325,50,male,spring,"['A', 'D', 'F']","[3, 3, 4, None, 5, 8, None, 4, None, 4, 9, 5, None, None, None, None, 9, None, None, 6, None, 4, None, 7, None, 6]"
326,50,male,spring,"['C', 'D', 'F']","[7, None, 4, 4, None, 8, None, None, 8, None, None, 3, None, None, 9, None, 8, None, 4, None, 4, None, 3, None, 5, None]"
327,40,male,winter,['F'],"[6, 6, 6, None, 7, 6, None, 5, 7, 2, 3, 5, 7, None, 4, None, 4, None, 10, 3, None, 5, None, 7, None, 3]"
328,40,female,winter,"['A', 'C', 'D']","[6, 5, 9, 6, 10, 4, 7, None, 8, 3, 6, 4, 6, 5, None, None, 5, 6, 6, 3, 5, 6, 5, 7, 4, 3]"
329,40,female,summer,"['A', 'B', 'C', 'E']","[None, 6, None, 7, 5, 4, None, 4, None, 8, 5, 4, 6, 8, 5, 6, 4, 6, 5, None, None, None, None, None, 5, None]"
330,10,female,winter,"['A', 'D', 'E', 'F']","[4, 4, 4, None, None, None, None, 9, None, 3, None, None, None, 6, 5, 6, 3, None, None, None, None, 6, None, 4, 5, None]"
331,40,female,winter,"['B', 'C']","[5, None, 8, 7, None, 3, None, 7, 4, 2, 6, None, None, None, 5, None, 7, None, None, None, None, 3, 5, 5, 3, 3]"
332,50,female,summer,"['A', 'E']","[8, None, 5, 6, 6, 4, 3, 6, None, 5, 6, 3, None, 6, 3, 5, 6, 4, 7, None, 4, None, 6, 4, 5, 5]"
333,50,male,spring,"['A', 'D', 'F']","[4, None, None, 6, 7, 5, 6, 7, None, None, 8, 6, None, None, 5, 10, None, 7, 5, 5, 6, None, None, 8, None, None]"
334,50,female,spring,[],"[None, None, None, 8, None, 4, 7, 5, 8, 6, 10, None, None, 2, None, None, 9, None, None, None, None, None, 6, 9, 4, 3]"
335,50,male,summer,"['A', 'B', 'F']","[7, 7, None, None, 7, 6, 4, None, 6, 6, None, None, 4, 5, 7, 7, 4, 2, 3, 5, 4, 7, 8, 5, 3, None]"
336,50,male,summer,"['A', 'D', 'F']","[None, None, 2, 7, 4, None, None, None, 7, None, 3, None, 4, 6, None, None, 7, None, 3, None, None, 5, None, 6, 5, None]"
337,40,male,summer,"['A', 'B', 'F']","[6, 5, 6, 7, 5, 4, 2, None, 5, 9, 3, 7, None, 6, 4, 3, 4, 2, 5, 5, 6, 4, None, 4, 6, None]"
338,20,female,winter,"['B', 'C', 'F']","[None, 5, 6, 5, 7, None, None, 8, 4, 4, None, 3, 4, 8, None, 5, 7, 8, 10, 9, 8, 5, 4, 2, None, 7]"
339,30,male,winter,['C'],"[5, None, None, None, None, 5, 6, None, 7, 6, 7, 7, 4, 3, None, 5, 4, None, 10, None, 2, 6, 4, 5, None, None]"
340,10,male,winter,"['A', 'B']","[5, 6, 4, 3, None, None, None, None, 5, None, 8, None, 5, None, 2, None, 5, 7, None, 7, 10, None, 6, None, None, 6]"
341,50,male,spring,"['A', 'B']","[7, 5, None, 4, 6, None, None, None, 5, 6, 7, 4, 6, 6, 9, 7, 7, 7, None, 6, 7, 3, 3, None, 3, 4]"
342,40,male,spring,['D'],"[6, 3, 5, 8, 7, 6, None, 6, 7, 6, 10, 3, 3, 3, 8, None, 5, 4, 3, 8, None, None, 7, 10, 6, 4]"
343,20,female,winter,"['B', 'D']","[5, 4, 3, 3, None, 6, 4, 6, 6, 2, 6, 4, 6, 4, None, 4, 5, None, None, 6, 8, 9, 6, 6, None, None]"
344,20,female,winter,"['B', 'D', 'E']","[7, None, 4, 3, None, 6, 4, 10, None, 4, 8, None, 3, None, None, 5, None, 6, None, None, None, 8, 5, None, 4, 8]"
345,40,male,spring,"['A', 'D']","[None, 6, 7, None, None, None, 9, None, 6, None, 9, 5, 5, None, None, 9, 8, None, None, None, 5, None, None, None, None, None]"
346,40,male,winter,"['C', 'D', 'F']","[3, None, None, 4, None, 4, 7, 5, None, 6, None, None, None, None, 4, 6, 7, 9, None, 2, None, None, 6, 6, 3, None]"
347,30,female,winter,"['A', 'C', 'D', 'F']","[None, None, None, None, None, None, None, None, None, None, None, None, 6, None, None, None, None, None, 8, 5, None, None, 3, None, None, None]"
348,40,female,summer,"['A', 'B', 'D']","[None, None, None, None, 5, None, 2, None, 8, 9, 6, 5, 6, 6, 3, 5, 7, None, None, 6, 6, 4, 6, None, None, 6]"
349,30,female,summer,"['A', 'C', 'D', 'F']","[None, 5, None, None, None, 3, None, 7, None, None, 5, 4, 7, 4, None, 6, None, None, None, None, 6, None, 4, None, 4, None]"
350,20,male,winter,"['A', 'B', 'F']","[None, None, 4, 5, 8, None, None, 9, None, None, 10, 4, 7, None, 5, 4, None, None, 8, None, 7, 7, 2, None, None, 4]"
351,10,male,winter,"['E', 'F']","[6, 3, None, None, None, None, 7, None, None, None, 6, 3, 7, 4, None, 5, None, 5, None, 10, 9, None, 6, None, 3, None]"
352,30,female,winter,"['B', 'D', 'F']","[None, 8, None, 7, 7, None, 5, 8, 4, None, 6, 7, None, None, None, 5, None, 7, 7, 4, None, 3, None, 6, 5, None]"
353,20,male,winter,"['B', 'D', 'E']","[8, 3, 3, None, 8, None, 4, None, None, 6, 7, None, None, None, 2, 6, None, None, None, None, None, 9, None, None, 4, None]"
354,50,male,spring,"['D', 'E']","[None, 6, 3, 5, 3, None, 6, 7, 5, 3, 7, 6, 6, 2, 7, 6, 7, None, 2, None, 3, 4, 4, 7, 5, 3]"
355,20,male,winter,"['C', 'D', 'E']","[None, 6, 3, 3, 7, 4, 6, None, None, 6, 10, None, 3, 5, 2, 6, 6, None, 6, 8, None, 6, 5, 5, 6, 8]"
356,20,male,winter,"['B', 'C']","[4, 5, 6, 3, 6, None, 5, None, 6, None, 4, 7, 7, None, None, 9, 8, None, None, None, 4, None, 5, 4, 2, 3]"
357,40,male,spring,['C'],"[4, 4, 7, 6, None, 7, 8, 5, 8, 3, None, 3, 5, 2, 9, 10, 8, 6, None, 7, 7, None, 7, 6, 3, 5]"
358,50,female,spring,"['B', 'F']","[None, 3, 4, None, None, 8, None, None, 7, None, 10, None, 4, 2, 7, 10, 7, None, None, 6, 5, None, 7, None, 5, 7]"
359,50,male,spring,"['D', 'F']","[None, None, 4, 5, None, 6, 9, 5, 6, None, 7, None, 4, 6, 7, None, None, 3, 5, 9, None, 6, 5, 8, None, 4]"
360,40,male,spring,['D'],"[None, 4, None, 4, 7, 5, 8, None, None, None, 6, 7, 3, None, None, 8, 8, 3, 6, None, None, 6, 6, None, None, 5]"
361,40,male,spring,"['A', 'C', 'D', 'F']","[7, None, None, None, 4, 6, 6, 4, 5, None, None, None, None, None, None, 10, None, None, None, 7, 3, 7, 6, None, 4, None]"
362,30,male,winter,['E'],"[None, 4, None, 5, 8, None, 3, 6, None, 2, 7, 6, 7, 4, 2, None, 4, 6, 8, None, 7, 8, None, 2, None, 6]"
363,40,male,summer,"['A', 'B', 'C', 'E']","[None, 4, 6, None, None, None, None, 5, None, None, 5, 5, None, None, None, 3, None, 4, None, None, 5, 4, 6, 5, None, None]"
364,30,female,winter,"['B', 'C', 'D', 'F']","[None, None, None, 7, 6, 4, None, 6, None, 6, None, 7, None, 6, 5, 5, 6, 9, 7, 2, 4, 3, None, 7, 3, 2]"
365,40,male,spring,"['A', 'D', 'F']","[3, None, None, None, None, 5, 7, 5, None, 4, 6, None, None, 3, None, 9, None, None, 2, 6, 7, 7, 3, None, None, 5]"
366,40,male,winter,['C'],"[4, 5, 5, 4, 7, 6, None, 6, 4, 3, 7, None, 4, 7, None, None, 5, 7, 8, 4, 3, None, None, 4, 2, None]"
367,30,female,summer,['A'],"[6, 5, 6, None, 7, 3, 6, 5, 7, 6, None, None, None, None, 4, 6, 5, 6, 4, 3, None, None, None, 7, 5, 7]"
368,40,male,summer,"['A', 'B', 'E']","[6, 5, 3, None, 6, 5, 4, 7, 8, 5, 4, 3, 3, 4, 5, 7, None, 6, 7, 7, None, 4, None, None, None, None]"
369,50,male,spring,"['B', 'D', 'E', 'F']","[None, 5, None, 8, None, 5, 5, 6, 5, None, 10, None, 7, None, None, 6, 9, 4, 4, 9, None, 6, 5, None, 5, None]"
370,30,male,winter,"['A', 'D', 'F']","[None, 6, 5, None, 10, None, None, None, 4, 5, 5, None, 4, 3, 7, 6, None, 9, 6, None, None, None, None, None, None, 6]"
371,50,male,summer,"['A', 'B']","[8, 6, 2, None, 7, None, 3, 6, 9, 5, 6, 5, None, 4, 7, 5, None, None, 6, None, None, None, None, None, None, None]"
372,20,female,winter,"['B', 'D']","[None, None, 9, 7, 10, None, 5, None, None, 4, 7, None, None, None, None, 9, None, 7, None, None, None, 4, 4, 4, None, 4]"
373,40,male,spring,['D'],"[5, 3, 6, None, None, 6, 6, None, 8, 3, 8, None, 5, None, 5, 7, 5, 4, None, 6, 5, None, 3, None, 6, 5]"
374,30,female,winter,"['C', 'D']","[None, None, None, 7, 7, None, 5, None, 5, None, 7, None, 7, 3, None, None, None, None, 9, None, None, None, None, None, 6, 4]"
375,30,male,winter,"['B', 'C', 'D', 'E']","[6, 4, None, 2, 7, 5, 4, None, 3, 4, 6, None, 5, None, 3, 3, 3, None, 7, None, 8, 8, 3, None, None, None]"
376,40,male,spring,"['B', 'D', 'F']","[None, 4, 6, 4, 7, None, None, 5, 5, None, None, 4, None, 4, 5, 8, 9, None, 5, 9, None, 5, 3, None, 4, None]"
377,10,male,winter,['B'],"[None, 2, None, 5, None, 5, None, 8, 2, 4, 7, 5, 7, 7, None, 3, None, None, None, None, None, 9, 2, None, None, None]"
378,20,female,winter,"['B', 'D', 'E']","[None, None, 7, 3, None, None, 5, None, None, 2, 10, None, None, None, None, 3, None, 5, 8, 7, None, None, None, None, None, 5]"
379,40,male,summer,"['A', 'B', 'C', 'F']","[7, 5, None, 4, 4, None, 2, 7, 8, 7, 6, 3, 7, 4, 3, 4, 6, 6, 5, None, 7, 7, 4, 4, 5, 9]"
380,30,female,summer,"['A', 'D']","[10, 7, 2, None, 7, 7, 3, None, 7, 6, 2, 7, None, 7, 3, None, 5, 3, 5, 6, 4, 3, None, 7, None, 6]"
381,20,female,winter,"['C', 'D']","[None, 5, 6, None, None, 2, None, 5, 4, None, 7, 3, 3, None, 7, 7, 8, 10, 6, 5, 5, 6, 5, 7, 3, 6]"
382,30,male,winter,"['B', 'C', 'D']","[5, 7, None, 3, 7, None, 5, None, None, None, 5, 7, 3, 3, 4, 9, None, None, 7, None, 5, 6, 4, 6, 2, 2]"
383,40,male,summer,"['E', 'F']","[9, 5, 6, 5, 7, None, 2, 6, None, None, 4, 4, 5, None, 3, None, 7, 3, None, None, 7, 4, 7, 4, 4, None]"
384,30,male,winter,"['A', 'B', 'E']","[None, None, None, None, None, None, 5, 7, 6, None, None, None, 5, None, None, 5, None, None, 7, 6, None, 7, None, 4, None, 8]"
385,40,female,summer,"['A', 'B', 'C', 'F']","[6, 6, 2, None, None, None, 4, None, 9, None, None, None, None, None, 7, 7, 3, 4, None, None, None, None, None, 6, None, None]"
386,20,male,winter,"['B', 'E', 'F']","[6, None, None, None, 6, 2, None, None, None, 5, None, 6, 3, None, 5, 6, 5, None, 9, 7, None, 5, 2, 3, 3, 8]"
387,20,female,winter,"['E', 'F']","[None, None, 6, None, 8, None, None, 10, None, 5, 7, 5, 4, None, 5, 4, 6, 7, 7, 8, None, None, 2, 5, None, None]"
388,20,male,winter,"['A', 'B', 'C', 'D', 'F']","[4, 2, None, None, 8, 3, 4, 10, 3, 2, 9, 2, 5, 7, 4, None, None, 7, None, None, 6, 8, 5, 6, 4, 5]"
389,10,male,winter,"['A', 'B']","[None, None, 4, 5, None, 4, 7, 8, None, 6, None, 2, None, None, 6, 7, 3, None, None, None, 6, 6, None, None, None, 5]"
390,10,male,winter,"['C', 'E', 'F']","[None, None, None, 5, 8, 6, None, None, 5, None, None, None, 5, None, None, 3, 7, None, None, None, 6, 8, 2, None, 6, None]"
391,50,male,spring,"['A', 'B', 'D', 'F']","[5, 6, None, None, None, None, None, None, 8, 5, 8, 4, 4, 2, 5, 7, 8, None, None, None, 3, None, 6, None, None, None]"
392,50,male,summer,['A'],"[None, 6, 3, 6, 6, 6, 4, None, 5, None, 5, 7, 4, 8, 6, None, None, None, 5, 6, None, 4, 8, 7, 6, 8]"
393,20,male,winter,['E'],"[7, None, 4, 6, 5, 3, None, 10, None, 2, 6, 2, None, 4, 2, 7, 7, 8, None, 6, None, 8, 6, 6, None, 6]"
394,40,female,summer,['A'],"[None, 6, 5, 6, 6, 3, 5, 7, None, 8, None, None, 4, None, None, 4, None, 5, 6, None, 7, 3, 5, 5, None, None]"
395,20,female,winter,['D'],"[None, None, None, None, 5, None, None, 6, None, 2, None, None, None, 6, 2, 7, 3, 8, 7, 8, 8, None, None, 2, None, 7]"
396,40,female,winter,"['C', 'D', 'E']","[7, None, 8, 5, 9, 6, 8, 4, 6, None, 7, 7, 3, 6, 7, 9, None, 7, None, 4, 6, None, 4, None, None, 5]"
397,20,male,winter,"['A', 'F']","[8, None, 5, None, None, None, 4, None, 5, 6, 9, None, None, 6, None, 6, 5, 9, None, 10, 7, 7, None, None, None, None]"
398,50,male,spring,"['D', 'F']","[3, 3, 3, 6, 4, None, 5, 6, 4, 6, None, 7, 6, 2, None, 10, None, 6, None, 6, None, None, 5, 10, 2, None]"
399,30,female,winter,"['A', 'C', 'F']","[4, None, None, 4, None, 4, 8, None, 4, 6, 7, 6, None, 3, None, None, None, 6, None, 3, 2, 5, 6, 6, 4, None]"
400,50,male,spring,"['D', 'F']","[5, None, 3, 5, 3, 4, 8, None, None, None, 8, None, None, 5, None, None, 7, None, 6, None, None, 5, 7, None, 4, None]"
401,30,male,winter,['E'],"[6, None, None, None, None, 4, 6, None, None, None, 4, None, None, None, None, None, None, 7, None, 5, 3, None, 5, None, 5, 3]"
402,50,female,spring,['F'],"[None, 4, 3, 5, None, None, None, 8, None, None, None, 6, 7, None, 7, None, 6, 7, None, None, None, 5, 3, None, 6, None]"
403,40,male,spring,"['A', 'B', 'D', 'E', 'F']","[5, None, 5, None, None, 4, None, None, None, None, 10, None, None, None, None, None, 5, 7, 3, None, 7, None, None, None, None, 3]"
404,10,female,winter,"['B', 'C', 'E']","[8, None, 4, 2, None, None, 3, 9, 5, 4, 6, 5, 6, 5, 3, 5, None, None, 9, 6, None, 9, 6, 4, 3, 7]"
405,40,male,summer,['B'],"[7, None, 2, None, None, 6, 2, 5, None, 7, None, None, 7, None, 3, None, None, None, 5, None, None, 6, 4, None, 3, None]"
406,10,male,winter,"['B', 'C', 'E']","[4, None, 5, 6, None, None, 5, None, 5, 4, 7, 3, 6, 7, 3, 4, None, 6, None, 8, 10, 8, 2, None, None, 4]"
407,30,male,winter,"['B', 'C']","[None, 5, None, 4, None, 2, 7, None, 2, 3, 9, None, 6, None, None, 3, None, None, None, None, 9, 5, 4, 2, 7, 6]"
408,50,female,spring,"['C', 'D', 'F']","[None, 5, 6, 5, None, None, None, None, 7, 7, 10, None, None, None, None, None, 8, 6, 4, 8, 5, None, 5, 8, 4, 7]"
409,20,male,winter,"['D', 'F']","[6, 5, None, 3, 6, 3, 6, 7, 2, None, 8, 3, None, None, 3, 7, 3, 6, 10, 7, 10, 5, 5, 2, None, 6]"
410,50,male,spring,"['A', 'B', 'E', 'F']","[5, 7, 6, 4, None, 8, 9, 8, 7, 5, 9, None, None, 4, None, 9, None, 6, 5, 5, 5, 3, 6, 10, 6, 5]"
411,30,male,summer,"['A', 'C', 'F']","[7, 6, 5, 8, None, None, None, None, 5, None, 2, None, 3, 7, None, None, None, 5, None, 7, None, 4, 7, 3, 3, 5]"
412,20,female,winter,"['C', 'D']","[4, None, None, None, None, 3, None, 7, 4, 3, None, 4, 3, None, 5, 5, None, None, None, 6, None, 6, 6, None, None, 6]"
413,50,male,spring,['D'],"[6, 5, 6, 7, 3, 6, None, 8, 8, None, None, 7, None, 4, 5, None, 5, None, None, None, 7, 7, None, 10, 6, None]"
414,30,male,summer,['F'],"[8, 4, 6, None, 7, 4, None, None, 7, 8, 2, 6, None, 5, 7, 4, 5, None, 3, None, 5, 3, None, None, None, None]"
415,50,female,spring,[],"[None, 6, 4, None, 3, 4, None, None, None, 4, 7, None, 4, None, 9, None, 7, 4, 6, 7, None, 4, 5, 10, 2, 5]"
416,30,female,winter,['D'],"[None, None, 6, None, 9, 2, 7, 8, None, None, None, 3, None, 3, None, None, 6, None, 6, 3, 5, None, 3, None, 3, None]"
417,30,male,winter,"['C', 'D']","[None, 5, None, 4, None, 2, None, None, 5, 6, 5, None, 7, 4, None, None, 4, None, 8, 2, 6, 6, 7, 4, None, None]"
418,50,female,spring,"['C', 'D']","[None, None, 4, None, 3, None, 6, 5, 6, 5, 9, None, 4, 3, 6, 8, 7, None, 2, None, 5, 3, 6, 7, 3, 3]"
419,40,male,summer,"['A', 'B', 'E']","[None, 7, None, None, None, 6, None, None, 6, 9, None, 5, None, 5, 3, None, 5, None, 7, 4, None, 6, None, None, 7, None]"
420,10,male,winter,"['A', 'D', 'E']","[6, 6, 6, 2, 7, 3, None, 8, 2, None, None, 6, 5, 5, None, None, None, None, None, None, 8, None, 5, 4, None, 4]"
421,40,female,winter,"['C', 'D', 'F']","[4, 8, None, 5, 9, 4, 9, None, 8, 4, 3, 3, 6, None, 7, 6, None, 9, None, None, 3, 7, 6, None, None, 6]"
422,50,male,spring,"['B', 'D', 'F']","[4, None, None, 6, 6, None, 7, 5, 6, 4, None, None, 4, 6, 7, 10, None, None, None, 7, None, None, 7, 9, 6, 3]"
423,30,male,winter,"['B', 'E']","[6, 6, 3, None, 8, 6, 5, None, 2, 5, 10, None, None, None, 5, 3, 6, None, 7, None, 9, 8, 3, None, 7, 6]"
424,40,female,summer,"['A', 'B', 'D']","[None, 8, 2, None, 3, 3, None, None, 8, 9, None, None, None, None, 7, 7, None, 5, 6, 7, 4, None, 7, None, None, None]"
425,20,male,winter,"['B', 'C', 'E', 'F']","[6, 2, 6, 5, 9, 6, None, 10, None, 2, 7, 3, None, None, 5, 5, None, None, None, 6, 6, None, 2, None, 7, 4]"
426,40,female,summer,"['A', 'B', 'C', 'D', 'F']","[None, 8, None, 6, 7, None, 5, 6, 6, 8, None, 4, None, 5, None, None, 6, 6, None, None, 7, 5, None, None, None, None]"
427,30,female,summer,"['A', 'B', 'D']","[None, 8, None, None, 7, None, 2, 7, 7, 7, None, 6, None, None, 6, None, None, None, None, 3, None, None, 5, None, None, None]"
428,10,male,winter,"['A', 'B', 'C', 'E', 'F']","[5, 3, 4, 2, 6, None, 6, 10, 4, 5, 7, 4, None, None, None, 4, None, None, None, 7, None, None, 4, 5, 3, 7]"
429,50,female,spring,"['A', 'B', 'C', 'D']","[3, None, None, None, 3, 7, 8, 7, None, 5, 7, 7, 7, None, None, None, 8, 4, 2, 6, 5, None, 3, 10, None, None]"
430,20,female,winter,"['C', 'D', 'F']","[4, 8, 9, 6, None, None, 7, None, None, None, None, 5, None, 3, None, None, 6, 10, None, None, 5, None, None, None, 4, None]"
431,50,male,spring,"['B', 'D', 'F']","[None, 6, 4, 5, 3, None, 9, 7, 7, 7, 9, 7, 5, None, 5, 6, 7, None, 6, None, None, 5, 3, 9, None, 5]"
432,40,female,winter,"['B', 'C', 'D', 'E']","[6, None, None, None, None, 3, 5, None, None, 3, 5, None, None, 4, 5, 8, None, None, 7, None, 2, None, None, None, None, 2]"
433,50,female,spring,"['A', 'B', 'D']","[5, 6, 5, None, 5, 8, None, 5, 7, 6, 10, 3, 3, None, None, None, 7, 7, 6, 7, None, 6, 6, None, 2, 5]"
434,40,male,spring,"['D', 'E', 'F']","[6, 3, 6, 6, 5, 5, 6, 6, 5, 6, None, 3, 5, 4, None, 6, 7, 5, 6, 6, 3, 6, 3, 7, 2, 3]"
435,40,female,spring,"['A', 'B', 'C', 'D', 'F']","[6, None, None, 6, 6, 6, 5, 6, None, None, 8, None, None, None, 9, 10, None, 3, None, 8, 4, 3, None, 10, 3, 3]"
436,40,male,spring,"['A', 'D']","[5, 5, 7, 5, 4, 5, 6, 7, None, None, 8, 6, None, None, None, None, 7, None, 3, None, 3, None, 4, 9, 4, 4]"
437,50,female,spring,['A'],"[7, 7, None, 7, 6, 6, None, None, 8, 5, None, 7, 4, 5, 8, None, 9, 3, None, 7, None, 4, None, 8, None, None]"
438,30,female,winter,"['D', 'F']","[3, 4, None, 6, None, 4, 7, 6, 8, 2, 7, 6, 5, 4, None, 5, 5, 7, 8, 5, None, 3, 5, 8, 2, 3]"
439,10,male,winter,"['B', 'E']","[None, 2, None, 4, 8, 4, 6, None, None, None, None, None, None, None, None, None, 4, None, 7, None, 10, None, None, 3, 7, 7]"
440,40,female,summer,"['A', 'B', 'D']","[None, None, 6, 4, None, 7, None, 4, 5, 6, 6, None, None, 7, None, 7, 3, None, None, 3, 4, 6, 8, None, 5, 8]"
441,30,female,winter,"['A', 'B', 'D', 'E', 'F']","[7, None, None, 2, 8, 5, 3, 8, 3, None, 7, 5, None, 6, 5, 3, None, 5, 8, 10, 9, None, 4, 6, 3, 7]"
442,20,male,winter,['B'],"[4, 5, None, None, 8, 3, 3, 8, None, 6, 9, 5, None, 8, 3, 5, 4, None, None, 8, None, 7, 5, 3, 7, 4]"
443,40,female,winter,"['A', 'C', 'D']","[None, None, 9, None, 7, 2, 6, 6, None, None, 3, 5, None, None, None, 7, 8, None, 10, 2, 2, 4, 3, None, 4, 3]"
444,50,male,spring,"['B', 'D', 'F']","[4, 5, 6, 4, 7, None, 6, 8, None, 4, 6, None, 5, 3, None, 7, 9, 4, 5, 7, None, None, None, 9, None, None]"
445,20,male,winter,"['B', 'E']","[6, 5, 5, 5, 8, 6, 7, None, None, 4, None, None, 7, 4, None, 6, 4, 8, 9, None, None, 6, 3, None, None, None]"
446,40,male,spring,"['A', 'B', 'D']","[5, None, None, None, None, None, None, 5, 8, 7, 6, None, None, None, 7, None, 6, 5, 3, 8, 4, None, None, 10, None, 5]"
447,10,female,winter,"['B', 'E']","[None, 3, 6, None, 9, 3, 5, None, 5, 3, 9, 2, 7, 7, 4, 4, 6, None, 8, 8, 6, 5, 3, 5, 4, 8]"
448,10,female,winter,"['A', 'E']","[None, None, 6, None, None, None, None, 10, None, None, 9, None, None, 8, None, 4, None, None, None, 7, None, None, 3, 6, 5, 8]"
449,20,male,winter,['A'],"[5, 8, 6, None, 10, 2, None, None, 6, 2, None, None, 5, 4, 7, 7, 5, 10, 9, 5, 4, 3, 5, None, 5, None]"
450,20,female,winter,"['C', 'D']","[7, 7, 9, None, None, None, None, None, 6, 2, None, None, None, 3, 7, 5, None, None, 6, 2, None, None, None, 4, None, None]"
451,30,male,winter,"['C', 'E']","[6, 4, 3, None, None, 5, 6, 9, 6, 5, 7, 4, 7, 6, 3, 3, 5, None, 9, 9, 8, 7, 2, 5, 3, 5]"
452,20,male,winter,"['B', 'E']","[6, 3, 7, None, None, None, None, 7, None, None, 9, 5, None, 7, 4, None, None, None, None, 8, None, 7, None, 5, 3, None]"
453,50,female,spring,"['D', 'F']","[None, 7, None, None, 6, None, 7, 6, None, 7, 10, 3, None, None, None, 6, None, None, None, 6, None, None, 5, 7, 5, None]"
454,40,male,winter,"['A', 'D']","[7, 6, None, None, None, 4, None, None, None, 2, None, 7, None, 5, None, 9, None, None, None, 6, 5, 3, 4, None, 5, None]"
455,50,female,spring,"['A', 'D', 'F']","[4, None, 3, 4, 5, None, 9, 8, None, None, None, None, None, 5, 6, None, None, 4, None, 8, 6, None, 5, None, None, None]"
456,30,female,summer,"['A', 'B', 'C', 'E']","[None, None, None, None, None, 3, None, None, 8, 8, None, None, None, 4, 6, 7, None, None, 6, 5, 6, 6, None, 7, None, 8]"
457,30,male,winter,"['B', 'C', 'D']","[6, 6, None, 5, 9, None, None, None, 2, None, 7, 5, 7, 7, 4, None, 4, 7, 9, 10, None, 5, 3, 5, None, 5]"
458,50,male,spring,"['B', 'D', 'F']","[6, None, 6, None, 7, 4, 7, 5, None, None, 8, None, None, None, None, None, 6, None, None, None, 5, 7, 7, 6, 2, 5]"
459,50,male,spring,"['B', 'C', 'F']","[None, 5, 7, 4, None, 6, 5, None, None, None, 9, None, 4, None, 6, 8, None, 3, None, 5, None, None, 6, None, None, 6]"
460,40,female,winter,[],"[None, 6, 5, 3, 10, 4, 8, 5, None, 6, None, 4, 4, 7, 6, 8, 4, 6, 9, 6, 3, 5, 6, 6, 2, None]"
461,30,female,summer,"['A', 'D']","[6, 4, 2, 4, 4, None, 6, 3, None, 9, None, None, 6, 4, None, None, 6, 4, 7, 5, 3, 5, 7, 4, 5, 6]"
462,20,female,winter,"['B', 'C', 'E']","[None, 6, 5, 3, None, 5, None, None, 4, 6, None, 4, None, None, 5, 7, None, 7, None, 6, None, None, 5, 5, None, 6]"
463,30,female,winter,"['A', 'B', 'C', 'D', 'F']","[5, 6, 6, 3, 10, 5, None, None, 5, None, None, 7, 3, 4, None, None, 5, None, None, None, 3, 5, 6, None, 3, 6]"
464,20,male,winter,"['B', 'F']","[None, 6, 3, None, None, None, 6, None, 6, 5, 9, None, None, 4, None, 3, None, 5, 10, 6, None, 8, 6, None, None, None]"
465,40,female,summer,['B'],"[None, None, None, 5, None, 3, 3, 3, None, 9, 6, 4, 3, 5, 4, 4, 6, 6, None, 5, 4, None, 6, 3, 3, 6]"
466,50,male,spring,"['B', 'C', 'D']","[6, None, 7, 5, 3, 7, None, 6, 5, 5, 7, 7, 6, 2, 8, 10, 9, 3, None, 9, None, 3, None, None, 6, 4]"
467,50,female,spring,"['D', 'F']","[6, 3, 6, None, 7, None, 8, None, None, 7, 6, 3, 7, 5, 7, 10, 8, 5, None, 6, 3, 4, 7, None, None, 3]"
468,30,female,summer,"['A', 'B', 'C']","[None, 6, 4, 6, 7, 5, 2, 3, 7, None, 5, None, 7, 5, 7, None, 5, 2, 3, None, None, 4, None, 6, None, 6]"
469,50,male,spring,"['C', 'F']","[None, 5, None, None, 6, None, None, 6, 5, 3, 6, None, 4, None, 5, 8, None, 6, None, 7, 3, 4, 7, None, None, 4]"
470,10,male,winter,['B'],"[None, None, None, 6, 6, None, None, None, None, None, None, None, 6, 4, 2, 5, None, 5, 9, None, None, None, None, None, None, 8]"
471,40,male,spring,"['B', 'C', 'F']","[7, 4, 5, None, 6, None, 7, 5, 6, 6, 10, 7, None, 4, 8, 9, None, 4, None, 7, 3, 7, 4, 6, None, 7]"
472,40,female,summer,"['A', 'D']","[6, 7, 3, 8, None, 7, 4, 6, None, 5, 2, None, None, 7, 3, None, None, 2, 4, None, 5, 6, 5, 6, 3, None]"
473,20,male,winter,"['E', 'F']","[None, 3, 3, None, None, 5, 6, None, 3, None, 8, None, 6, 4, 2, None, 6, 9, None, 7, 10, 6, None, None, 5, 8]"
474,40,female,spring,"['C', 'D', 'F']","[None, None, 3, 4, None, None, 6, 8, 4, None, 9, None, None, 2, 8, None, None, None, 2, 5, 7, None, None, 10, None, None]"
475,30,female,winter,"['B', 'C', 'D', 'E']","[6, 2, 4, None, None, 6, None, 6, 5, 5, None, 4, 6, None, 5, 3, None, None, None, 6, None, 6, None, 4, 7, None]"
